"id","dwelling_type_collapased","overall_quality_collapased","year_remodeled","central_air","total_rooms","functionality_collapased","garage_cars","year_sold","sale_price"
1,"2_Story","Average",2003,"Y",8,"Minor Deductions",2,2008,208500
2,"1_Story","Average",1976,"Y",6,"Minor Deductions",2,2007,181500
3,"2_Story","Average",2002,"Y",6,"Minor Deductions",2,2008,223500
4,"2_Story","Average",1970,"Y",7,"Minor Deductions",3,2006,140000
5,"2_Story","Good",2000,"Y",9,"Minor Deductions",3,2008,250000
6,"1_Story","Average",1995,"Y",5,"Minor Deductions",2,2009,143000
7,"1_Story","Good",2005,"Y",7,"Minor Deductions",2,2007,307000
8,"2_Story","Average",1973,"Y",7,"Minor Deductions",2,2009,2e+05
9,"1_Story","Average",1950,"Y",8,"Minor Deductions",2,2008,129900
10,"Duplex","Average",1950,"Y",5,"Minor Deductions",1,2008,118000
11,"1_Story","Average",1965,"Y",5,"Minor Deductions",1,2008,129500
12,"2_Story","Good",2006,"Y",11,"Minor Deductions",3,2006,345000
13,"1_Story","Average",1962,"Y",4,"Minor Deductions",1,2008,144000
14,"1_Story","Average",2007,"Y",7,"Minor Deductions",3,2007,279500
15,"1_Story","Average",1960,"Y",5,"Minor Deductions",1,2008,157000
16,"1_Story","Average",2001,"Y",5,"Minor Deductions",2,2007,132000
17,"1_Story","Average",1970,"Y",5,"Minor Deductions",2,2010,149000
18,"Duplex","Poor",1967,"Y",6,"Minor Deductions",2,2006,90000
19,"1_Story","Average",2004,"Y",6,"Minor Deductions",2,2008,159000
20,"1_Story","Average",1965,"Y",6,"Minor Deductions",1,2009,139000
21,"2_Story","Good",2006,"Y",9,"Minor Deductions",3,2006,325300
22,"1_Story","Average",1950,"Y",6,"Minor Deductions",1,2007,139400
23,"1_Story","Good",2002,"Y",7,"Minor Deductions",2,2008,230000
24,"PUD","Average",1976,"Y",6,"Minor Deductions",2,2007,129900
25,"1_Story","Average",2001,"Y",6,"Minor Deductions",1,2010,154000
26,"1_Story","Good",2007,"Y",7,"Minor Deductions",3,2009,256300
27,"1_Story","Average",2000,"Y",5,"Minor Deductions",2,2010,134800
28,"1_Story","Good",2008,"Y",7,"Minor Deductions",3,2010,306000
29,"1_Story","Average",1997,"Y",6,"Minor Deductions",1,2006,207500
30,"1_Story","Poor",1950,"N",4,"Minor Deductions",1,2008,68500
31,"2_Story","Poor",1950,"N",6,"Minor Deductions",1,2008,40000
32,"1_Story","Average",2006,"Y",6,"Minor Deductions",1,2008,149350
33,"1_Story","Good",2007,"Y",7,"Minor Deductions",2,2008,179900
34,"1_Story","Average",1959,"Y",6,"Minor Deductions",2,2010,165500
35,"PUD","Good",2005,"Y",6,"Minor Deductions",2,2007,277500
36,"2_Story","Good",2005,"Y",9,"Minor Deductions",3,2006,309000
37,"1_Story","Average",1995,"Y",6,"Minor Deductions",2,2009,145000
38,"1_Story","Average",1990,"Y",5,"Minor Deductions",2,2009,153000
39,"1_Story","Average",2007,"Y",5,"Minor Deductions",1,2010,109000
40,"Duplex","Poor",1955,"N",6,"Minor Deductions",0,2008,82000
41,"1_Story","Average",1965,"Y",6,"Minor Deductions",2,2006,160000
42,"1_Story","Average",1959,"Y",5,"Minor Deductions",1,2007,170000
43,"2_Story","Average",1983,"Y",5,"Minor Deductions",2,2007,144000
44,"1_Story","Average",1980,"Y",5,"Minor Deductions",1,2008,130250
45,"1_Story","Average",1959,"Y",6,"Minor Deductions",1,2006,141000
46,"PUD","Good",2005,"Y",6,"Minor Deductions",2,2010,319900
47,"1_Story","Average",2003,"Y",6,"Minor Deductions",2,2009,239686
48,"1_Story","Good",2006,"Y",7,"Minor Deductions",3,2007,249700
49,"Duplex","Poor",2008,"Y",8,"Minor Deductions",0,2009,113000
50,"1_Story","Average",1966,"Y",6,"Minor Deductions",1,2007,127000
51,"2_Story","Average",1997,"Y",6,"Minor Deductions",2,2007,177000
52,"1_Story","Average",1950,"Y",6,"Minor Deductions",2,2006,114500
53,"Duplex","Average",1963,"N",5,"Minor Deductions",2,2010,110000
54,"1_Story","Good",1987,"Y",5,"Minor Deductions",3,2006,385000
55,"2_Story","Average",1955,"Y",6,"Minor Deductions",2,2007,130000
56,"1_Story","Average",1964,"Y",7,"Minor Deductions",2,2008,180500
57,"PUD","Good",2000,"Y",7,"Minor Deductions",2,2009,172500
58,"2_Story","Average",2004,"Y",7,"Minor Deductions",2,2006,196500
59,"2_Story","Good",2006,"Y",10,"Minor Deductions",3,2006,438780
60,"1_Story","Average",1972,"Y",4,"Minor Deductions",1,2008,124900
61,"1_Story","Average",2004,"Y",5,"Minor Deductions",2,2006,158000
62,"2_Story","Average",1996,"N",6,"Minor Deductions",1,2007,101000
63,"PUD","Good",2006,"Y",6,"Minor Deductions",2,2007,202500
64,"2_Story","Average",1950,"Y",9,"Minor Deductions",2,2010,140000
65,"2_Story","Average",1998,"Y",8,"Minor Deductions",2,2009,219500
66,"2_Story","Good",2005,"Y",9,"Minor Deductions",3,2007,317000
67,"1_Story","Average",1989,"Y",7,"Minor Deductions",2,2010,180000
68,"1_Story","Average",2003,"Y",7,"Minor Deductions",2,2007,226000
69,"1_Story","Poor",1950,"Y",4,"Minor Deductions",1,2010,80000
70,"1_Story","Average",1953,"Y",7,"Minor Deductions",2,2006,225000
71,"1_Story","Average",1973,"Y",8,"Minor Deductions",2,2007,244000
72,"1_Story","Poor",2006,"Y",4,"Minor Deductions",2,2007,129500
73,"2_Story","Average",1998,"Y",7,"Minor Deductions",2,2009,185000
74,"1_Story","Average",2003,"Y",6,"Minor Deductions",2,2010,144900
75,"1_Story","Poor",1950,"N",8,"Minor Deductions",1,2010,107400
76,"PUD","Poor",1973,"Y",5,"Minor Deductions",1,2009,91000
77,"1_Story","Poor",1956,"Y",4,"Minor Deductions",1,2008,135750
78,"1_Story","Average",2001,"Y",6,"Minor Deductions",1,2008,127000
79,"Duplex","Poor",1968,"N",8,"Minor Deductions",0,2010,136500
80,"1_Story","Average",1981,"Y",5,"Minor Deductions",2,2009,110000
81,"2_Story","Average",1968,"Y",8,"Minor Deductions",1,2009,193500
82,"PUD","Average",1998,"Y",5,"Minor Deductions",2,2006,153500
83,"1_Story","Good",2007,"Y",6,"Minor Deductions",3,2008,245000
84,"1_Story","Average",1960,"Y",6,"Minor Deductions",2,2007,126500
85,"2_Story","Average",1996,"Y",7,"Minor Deductions",2,2009,168500
86,"2_Story","Good",1992,"Y",9,"Minor Deductions",2,2006,260000
87,"2_Story","Average",2005,"Y",6,"Minor Deductions",2,2009,174000
88,"PUD","Average",2009,"Y",4,"Minor Deductions",2,2009,164500
89,"1_Story","Poor",1982,"N",6,"Minor Deductions",0,2009,85000
90,"1_Story","Poor",1995,"Y",5,"Minor Deductions",0,2007,123600
91,"1_Story","Poor",1950,"Y",4,"Minor Deductions",2,2006,109900
92,"1_Story","Average",1961,"Y",6,"Minor Deductions",2,2006,98600
93,"1_Story","Average",2006,"Y",5,"Minor Deductions",2,2009,163500
94,"Duplex","Average",1998,"N",9,"Minor Deductions",2,2007,133900
95,"2_Story","Average",1997,"Y",7,"Minor Deductions",2,2007,204750
96,"2_Story","Average",1993,"Y",6,"Minor Deductions",2,2009,185000
97,"1_Story","Average",1999,"Y",6,"Minor Deductions",2,2006,214000
98,"1_Story","Poor",1965,"Y",6,"Minor Deductions",1,2007,94750
99,"1_Story","Average",1950,"N",5,"Minor Deductions",1,2010,83000
100,"1_Story","Poor",1959,"Y",6,"Minor Deductions",0,2010,128950
101,"1_Story","Average",2001,"Y",6,"Minor Deductions",2,2010,205000
102,"2_Story","Average",1985,"Y",7,"Minor Deductions",2,2010,178000
103,"Duplex","Average",1979,"Y",8,"Minor Deductions",2,2009,118964
104,"1_Story","Average",2009,"Y",6,"Minor Deductions",3,2010,198900
105,"1_Story","Average",1950,"Y",7,"Minor Deductions",1,2007,169500
106,"2_Story","Good",2004,"Y",9,"Minor Deductions",2,2008,250000
107,"1_Story","Poor",1995,"Y",6,"Minor Deductions",1,2007,1e+05
108,"1_Story","Average",1950,"Y",5,"Minor Deductions",1,2008,115000
109,"1_Story","Average",2005,"N",7,"Minor Deductions",0,2007,115000
110,"1_Story","Average",1977,"Y",7,"Minor Deductions",2,2010,190000
111,"1_Story","Average",1972,"Y",7,"Minor Deductions",1,2006,136900
112,"2_Story","Average",2000,"Y",7,"Minor Deductions",2,2010,180000
113,"2_Story","Average",2007,"Y",10,"Minor Deductions",3,2007,383970
114,"1_Story","Average",1953,"Y",7,"Minor Deductions",2,2007,217000
115,"2_Story","Average",2002,"Y",9,"Minor Deductions",1,2007,259500
116,"PUD","Average",1999,"Y",5,"Minor Deductions",2,2007,176000
117,"1_Story","Average",1962,"Y",6,"Minor Deductions",1,2009,139000
118,"1_Story","Average",2007,"Y",5,"Minor Deductions",2,2007,155000
119,"2_Story","Average",1990,"Y",11,"Minor Deductions",3,2010,320000
120,"2_Story","Average",2006,"Y",8,"Minor Deductions",2,2006,163990
121,"2_Story","Average",1969,"Y",4,"Minor Deductions",2,2006,180000
122,"1_Story","Poor",1950,"Y",4,"Minor Deductions",1,2007,1e+05
123,"1_Story","Average",1958,"Y",5,"Minor Deductions",1,2008,136000
124,"PUD","Average",1993,"Y",5,"Minor Deductions",2,2008,153900
125,"1_Story","Average",1998,"Y",7,"Minor Deductions",2,2009,181000
126,"Duplex","Average",1982,"N",5,"Minor Deductions",0,2006,84500
127,"PUD","Average",1976,"Y",5,"Minor Deductions",2,2007,128000
128,"1_Story","Average",1950,"Y",5,"Minor Deductions",0,2007,87000
129,"2_Story","Average",1966,"Y",6,"Minor Deductions",2,2006,155000
130,"1_Story","Average",1991,"Y",6,"Minor Deductions",2,2006,150000
131,"2_Story","Average",1966,"Y",8,"Minor Deductions",2,2006,226000
132,"2_Story","Average",2000,"Y",7,"Minor Deductions",2,2009,244000
133,"1_Story","Average",2002,"Y",7,"Minor Deductions",2,2007,150750
134,"1_Story","Good",2002,"Y",6,"Minor Deductions",2,2009,220000
135,"1_Story","Average",1993,"Y",7,"Minor Deductions",2,2006,180000
136,"1_Story","Average",1970,"Y",7,"Minor Deductions",2,2008,174000
137,"1_Story","Average",1967,"Y",5,"Minor Deductions",1,2007,143000
138,"Duplex","Average",1989,"Y",9,"Minor Deductions",3,2006,171000
139,"2_Story","Good",2000,"Y",7,"Minor Deductions",3,2008,230000
140,"2_Story","Average",1997,"Y",7,"Minor Deductions",2,2009,231500
141,"1_Story","Poor",1971,"Y",5,"Minor Deductions",0,2010,115000
142,"1_Story","Average",2005,"Y",7,"Minor Deductions",2,2006,260000
143,"1_Story","Average",1952,"Y",6,"Minor Deductions",2,2010,166000
144,"1_Story","Average",1999,"Y",6,"Minor Deductions",2,2009,204000
145,"Duplex","Average",1963,"Y",10,"Minor Deductions",2,2006,125000
146,"PUD","Average",2006,"Y",7,"Major Deductions",2,2006,130000
147,"1_Story","Average",1993,"Y",5,"Minor Deductions",1,2009,105000
148,"2_Story","Average",2001,"Y",8,"Minor Deductions",2,2010,222500
149,"1_Story","Average",2005,"Y",6,"Minor Deductions",0,2008,141000
150,"1_Story","Average",1950,"Y",7,"Minor Deductions",1,2006,115000
151,"1_Story","Average",1975,"Y",5,"Minor Deductions",2,2007,122000
152,"1_Story","Good",2008,"Y",6,"Minor Deductions",3,2008,372402
153,"2_Story","Average",1971,"Y",8,"Minor Deductions",2,2006,190000
154,"1_Story","Average",1975,"Y",4,"Minor Deductions",2,2008,235000
155,"1_Story","Average",1950,"Y",7,"Minor Deductions",1,2006,125000
156,"1_Story","Average",1950,"N",5,"Minor Deductions",0,2008,79000
157,"1_Story","Average",1950,"Y",5,"Minor Deductions",2,2006,109500
158,"2_Story","Good",2010,"Y",8,"Minor Deductions",3,2010,269500
159,"2_Story","Average",2005,"Y",8,"Minor Deductions",2,2010,254900
160,"2_Story","Average",2006,"Y",9,"Minor Deductions",2,2006,320000
161,"1_Story","Average",1984,"Y",6,"Minor Deductions",2,2008,162500
162,"2_Story","Good",2004,"Y",10,"Minor Deductions",3,2008,412500
163,"1_Story","Average",2005,"Y",7,"Minor Deductions",2,2010,220000
164,"1_Story","Poor",1956,"Y",4,"Minor Deductions",0,2007,103200
165,"1_Story","Average",2004,"Y",5,"Minor Deductions",1,2007,152000
166,"Duplex","Average",1999,"Y",6,"Minor Deductions",0,2008,127500
167,"1_Story","Average",1993,"Y",7,"Minor Deductions",1,2009,190000
168,"2_Story","Good",2007,"Y",8,"Minor Deductions",3,2007,325624
169,"2_Story","Average",2004,"Y",7,"Minor Deductions",2,2007,183500
170,"1_Story","Good",1981,"Y",6,"Minor Deductions",2,2006,228000
171,"1_Story","Average",1950,"Y",7,"Minor Deductions",2,2007,128500
172,"1_Story","Average",1960,"Y",7,"Minor Deductions",2,2010,215000
173,"PUD","Average",1987,"Y",5,"Minor Deductions",2,2006,239000
174,"1_Story","Average",1961,"Y",6,"Minor Deductions",2,2008,163000
175,"1_Story","Average",1986,"Y",7,"Minor Deductions",2,2008,184000
176,"1_Story","Average",2001,"Y",7,"Minor Deductions",2,2007,243000
177,"2_Story","Average",1989,"Y",8,"Minor Deductions",2,2007,211000
178,"1_Story","Average",1958,"Y",8,"Minor Deductions",2,2006,172500
179,"1_Story","Good",2009,"Y",9,"Minor Deductions",3,2009,501837
180,"1_Story","Average",2006,"Y",5,"Minor Deductions",2,2007,1e+05
181,"PUD","Average",2000,"Y",5,"Minor Deductions",2,2007,177000
182,"2_Story","Average",1950,"Y",9,"Minor Deductions",1,2006,200100
183,"1_Story","Average",2006,"Y",7,"Minor Deductions",1,2007,120000
184,"1_Story","Average",2003,"Y",6,"Moderate Deductions",2,2008,2e+05
185,"1_Story","Average",1991,"Y",5,"Minor Deductions",2,2006,127000
186,"2_Story","Good",1993,"Y",12,"Minor Deductions",3,2006,475000
187,"2_Story","Average",1991,"Y",6,"Minor Deductions",2,2009,173000
188,"1_Story","Average",1987,"Y",8,"Minor Deductions",1,2009,135000
189,"Duplex","Average",1979,"Y",6,"Minor Deductions",2,2009,153337
190,"PUD","Good",2002,"Y",5,"Minor Deductions",2,2008,286000
191,"2_Story","Good",1994,"Y",10,"Major Deductions",2,2007,315000
192,"2_Story","Average",2004,"Y",7,"Minor Deductions",2,2007,184000
193,"1_Story","Average",1999,"Y",6,"Minor Deductions",2,2009,192000
194,"PUD","Average",2004,"Y",7,"Major Deductions",2,2006,130000
195,"1_Story","Average",1972,"Y",5,"Minor Deductions",1,2008,127000
196,"PUD","Average",1976,"Y",7,"Minor Deductions",2,2009,148500
197,"1_Story","Average",2007,"Y",8,"Minor Deductions",3,2007,311872
198,"2_Story","Good",1990,"Y",8,"Minor Deductions",2,2006,235000
199,"2_Story","Average",1950,"Y",8,"Minor Deductions",0,2009,104000
200,"1_Story","Good",2005,"Y",7,"Minor Deductions",3,2009,274900
201,"1_Story","Poor",2004,"Y",5,"Minor Deductions",2,2010,140000
202,"1_Story","Average",1977,"Y",6,"Minor Deductions",2,2008,171500
203,"1_Story","Average",1950,"Y",6,"Minor Deductions",1,2006,112000
204,"PUD","Average",2004,"Y",3,"Minor Deductions",2,2008,149000
205,"1_Story","Average",1950,"Y",5,"Minor Deductions",1,2009,110000
206,"1_Story","Average",1990,"Y",5,"Minor Deductions",2,2009,180500
207,"1_Story","Average",1962,"Y",8,"Minor Deductions",1,2007,143900
208,"1_Story","Poor",1960,"Y",6,"Minor Deductions",1,2008,141000
209,"2_Story","Average",1989,"Y",7,"Minor Deductions",2,2007,277000
210,"1_Story","Average",1964,"Y",6,"Minor Deductions",2,2008,145000
211,"1_Story","Average",1950,"N",5,"Minor Deductions",0,2008,98000
212,"1_Story","Average",2009,"Y",6,"Minor Deductions",2,2010,186000
213,"2_Story","Average",2009,"Y",7,"Minor Deductions",2,2009,252678
214,"1_Story","Average",1995,"Y",5,"Minor Deductions",2,2006,156000
215,"2_Story","Average",1977,"Y",6,"Minor Deductions",1,2010,161750
216,"1_Story","Average",1996,"Y",6,"Minor Deductions",1,2006,134450
217,"1_Story","Average",2004,"Y",8,"Minor Deductions",2,2008,210000
218,"2_Story","Poor",1950,"N",8,"Minor Deductions",1,2006,107000
219,"1_Story","Average",2006,"Y",8,"Minor Deductions",2,2008,311500
220,"PUD","Average",2006,"Y",5,"Minor Deductions",2,2006,167240
221,"1_Story","Average",2006,"Y",5,"Minor Deductions",2,2006,204900
222,"2_Story","Average",2002,"Y",8,"Minor Deductions",2,2009,2e+05
223,"2_Story","Average",1975,"Y",6,"Minor Deductions",2,2006,179900
224,"1_Story","Poor",1971,"Y",4,"Minor Deductions",2,2009,97000
225,"1_Story","Good",2003,"Y",8,"Minor Deductions",3,2009,386250
226,"PUD","Average",1971,"Y",6,"Minor Deductions",1,2009,112000
227,"2_Story","Average",1995,"Y",9,"Minor Deductions",3,2007,290000
228,"PUD","Average",1970,"Y",5,"Minor Deductions",1,2008,106000
229,"1_Story","Average",1967,"Y",5,"Minor Deductions",1,2010,125000
230,"PUD","Average",2006,"Y",7,"Minor Deductions",2,2009,192500
231,"1_Story","Average",1959,"Y",6,"Minor Deductions",1,2010,148000
232,"2_Story","Good",1996,"Y",9,"Minor Deductions",3,2009,403000
233,"PUD","Average",1972,"Y",5,"Minor Deductions",1,2006,94500
234,"1_Story","Average",1976,"Y",5,"Minor Deductions",1,2010,128200
235,"2_Story","Average",2002,"Y",8,"Minor Deductions",2,2010,216500
236,"PUD","Average",1971,"Y",5,"Minor Deductions",1,2008,89500
237,"1_Story","Average",2004,"Y",6,"Minor Deductions",2,2010,185500
238,"2_Story","Average",2003,"Y",7,"Minor Deductions",2,2010,194500
239,"1_Story","Good",2007,"Y",7,"Minor Deductions",3,2007,318000
240,"1_Story","Average",1950,"Y",7,"Minor Deductions",1,2010,113000
241,"1_Story","Good",2008,"Y",7,"Minor Deductions",2,2010,262500
242,"1_Story","Average",1997,"Y",4,"Minor Deductions",0,2007,110500
243,"1_Story","Average",1950,"N",6,"Minor Deductions",1,2006,79000
244,"PUD","Average",1980,"Y",6,"Minor Deductions",1,2009,120000
245,"2_Story","Average",2002,"Y",8,"Minor Deductions",2,2010,205000
246,"1_Story","Average",1988,"Y",6,"Minor Deductions",2,2006,241500
247,"Duplex","Average",1950,"N",9,"Minor Deductions",1,2006,137000
248,"1_Story","Average",1954,"Y",5,"Minor Deductions",2,2006,140000
249,"2_Story","Average",2003,"Y",8,"Minor Deductions",2,2007,180000
250,"1_Story","Average",2006,"Y",7,"Minor Deductions",2,2007,277000
251,"1_Story","Poor",1966,"Y",6,"Moderate Deductions",0,2010,76500
252,"PUD","Good",2007,"Y",5,"Minor Deductions",2,2007,235000
253,"2_Story","Average",2004,"Y",6,"Minor Deductions",2,2008,173000
254,"2_Story","Average",1991,"Y",7,"Minor Deductions",1,2007,158000
255,"1_Story","Average",1957,"Y",5,"Minor Deductions",1,2010,145000
256,"2_Story","Average",1999,"Y",8,"Minor Deductions",2,2006,230000
257,"2_Story","Average",2003,"Y",7,"Minor Deductions",2,2008,207500
258,"1_Story","Average",2006,"Y",8,"Minor Deductions",2,2009,220000
259,"2_Story","Average",2001,"Y",7,"Minor Deductions",2,2008,231500
260,"1_Story","Average",1956,"Y",4,"Minor Deductions",1,2008,97000
261,"2_Story","Average",1962,"Y",6,"Minor Deductions",2,2009,176000
262,"2_Story","Good",2007,"Y",10,"Minor Deductions",3,2007,276000
263,"2_Story","Average",1995,"Y",6,"Minor Deductions",2,2006,151000
264,"1_Story","Average",2001,"Y",6,"Minor Deductions",2,2010,130000
265,"1_Story","Average",2004,"N",4,"Minor Deductions",2,2008,73000
266,"1_Story","Average",1981,"Y",7,"Minor Deductions",2,2008,175500
267,"2_Story","Average",1997,"Y",8,"Minor Deductions",2,2006,185000
268,"2_Story","Average",1997,"Y",8,"Minor Deductions",1,2008,179500
269,"1_Story","Average",1955,"Y",4,"Minor Deductions",1,2008,120500
270,"1_Story","Average",1976,"Y",6,"Minor Deductions",1,2007,148000
271,"2_Story","Good",2006,"Y",8,"Minor Deductions",3,2006,266000
272,"1_Story","Average",2005,"Y",5,"Moderate Deductions",2,2008,241500
273,"2_Story","Good",2007,"Y",9,"Minor Deductions",3,2010,290000
274,"1_Story","Average",1988,"Y",6,"Minor Deductions",1,2009,139000
275,"1_Story","Average",1982,"Y",5,"Minor Deductions",1,2007,124500
276,"1_Story","Average",2007,"N",5,"Minor Deductions",2,2009,205000
277,"1_Story","Average",2003,"Y",7,"Minor Deductions",2,2010,201000
278,"1_Story","Poor",1951,"Y",4,"Minor Deductions",2,2010,141000
279,"1_Story","Good",2007,"Y",8,"Minor Deductions",3,2007,415298
280,"2_Story","Average",1977,"Y",8,"Minor Deductions",2,2008,192000
281,"2_Story","Average",1989,"Y",7,"Minor Deductions",2,2007,228500
282,"1_Story","Average",2006,"Y",5,"Minor Deductions",2,2006,185000
283,"PUD","Average",2008,"Y",6,"Minor Deductions",2,2009,207500
284,"1_Story","Good",2009,"Y",6,"Minor Deductions",3,2009,244600
285,"PUD","Average",1992,"Y",5,"Minor Deductions",2,2007,179200
286,"PUD","Average",2007,"Y",5,"Minor Deductions",2,2007,164700
287,"1_Story","Average",1981,"Y",7,"Minor Deductions",2,2006,159000
288,"1_Story","Poor",1971,"Y",5,"Minor Deductions",0,2006,88000
289,"1_Story","Average",1967,"Y",5,"Minor Deductions",1,2010,122000
290,"2_Story","Average",2003,"Y",7,"Minor Deductions",1,2007,153575
291,"2_Story","Good",2006,"Y",8,"Minor Deductions",2,2006,233230
292,"Duplex","Average",2000,"N",9,"Minor Deductions",0,2008,135900
293,"1_Story","Average",2008,"Y",8,"Minor Deductions",1,2009,131000
294,"2_Story","Average",1994,"Y",9,"Minor Deductions",2,2006,235000
295,"1_Story","Average",1953,"Y",7,"Minor Deductions",2,2009,167000
296,"2_Story","Average",1984,"Y",6,"Minor Deductions",2,2006,142500
297,"1_Story","Average",1950,"Y",6,"Minor Deductions",1,2007,152000
298,"2_Story","Average",1998,"Y",7,"Minor Deductions",2,2007,239000
299,"2_Story","Average",1968,"Y",7,"Minor Deductions",2,2007,175000
300,"1_Story","Average",2004,"Y",6,"Minor Deductions",1,2009,158500
301,"Duplex","Average",1953,"Y",5,"Minor Deductions",1,2006,157000
302,"2_Story","Good",1999,"Y",9,"Minor Deductions",2,2007,267000
303,"1_Story","Average",2002,"Y",6,"Minor Deductions",3,2006,205000
304,"1_Story","Average",1972,"Y",5,"Minor Deductions",2,2006,149900
305,"2_Story","Average",2002,"Y",10,"Minor Deductions",3,2008,295000
306,"1_Story","Good",2005,"Y",8,"Minor Deductions",3,2007,305900
307,"2_Story","Average",1991,"Y",8,"Minor Deductions",3,2007,225000
308,"1_Story","Average",1950,"Y",6,"Minor Deductions",0,2008,89500
309,"1_Story","Poor",1950,"Y",4,"Minor Deductions",2,2009,82500
310,"1_Story","Good",2004,"Y",8,"Minor Deductions",3,2006,360000
311,"2_Story","Average",1994,"Y",6,"Minor Deductions",2,2006,165600
312,"1_Story","Average",2002,"Y",5,"Minor Deductions",1,2009,132000
313,"Duplex","Average",1950,"Y",5,"Minor Deductions",2,2006,119900
314,"1_Story","Average",1965,"Y",8,"Minor Deductions",2,2009,375000
315,"2_Story","Average",1990,"Y",6,"Minor Deductions",2,2006,178000
316,"2_Story","Average",2005,"Y",6,"Minor Deductions",2,2009,188500
317,"2_Story","Average",1980,"Y",10,"Minor Deductions",2,2009,260000
318,"2_Story","Good",2006,"Y",8,"Minor Deductions",3,2007,270000
319,"2_Story","Average",1993,"Y",9,"Minor Deductions",3,2009,260000
320,"2_Story","Average",1980,"Y",6,"Minor Deductions",2,2009,187500
321,"2_Story","Good",2006,"Y",9,"Minor Deductions",3,2006,342643
322,"2_Story","Good",2004,"Y",10,"Minor Deductions",3,2007,354000
323,"2_Story","Average",1987,"Y",8,"Minor Deductions",2,2007,301000
324,"1_Story","Poor",2005,"Y",6,"Minor Deductions",1,2006,126175
325,"2_Story","Average",2007,"Y",11,"Minor Deductions",2,2010,242000
326,"1_Story","Average",1950,"N",5,"Minor Deductions",2,2007,87000
327,"PUD","Good",1993,"Y",6,"Minor Deductions",2,2008,324000
328,"1_Story","Average",1960,"Y",7,"Minor Deductions",1,2006,145250
329,"2_Story","Average",1994,"N",10,"Minor Deductions",2,2009,214500
330,"2_Story","Average",1950,"N",6,"Minor Deductions",1,2009,78000
331,"Duplex","Average",1964,"Y",10,"Minor Deductions",1,2007,119000
332,"1_Story","Average",1992,"Y",6,"Minor Deductions",1,2007,139000
333,"1_Story","Good",2004,"Y",7,"Minor Deductions",3,2009,284000
334,"PUD","Average",2004,"Y",6,"Minor Deductions",2,2008,207000
335,"2_Story","Average",1998,"Y",7,"Minor Deductions",2,2008,192000
336,"Duplex","Average",1965,"Y",7,"Minor Deductions",2,2008,228950
337,"1_Story","Good",2006,"Y",8,"Minor Deductions",3,2007,377426
338,"1_Story","Average",2003,"Y",7,"Minor Deductions",2,2008,214000
339,"1_Story","Average",1998,"Y",8,"Minor Deductions",2,2006,202500
340,"1_Story","Average",1998,"Y",6,"Minor Deductions",1,2009,155000
341,"2_Story","Good",2002,"Y",9,"Minor Deductions",2,2010,202900
342,"1_Story","Poor",1950,"Y",4,"Minor Deductions",1,2009,82000
343,"Duplex","Poor",1950,"N",6,"Minor Deductions",2,2006,87500
344,"PUD","Good",2005,"Y",6,"Minor Deductions",2,2008,266000
345,"PUD","Average",1976,"Y",4,"Minor Deductions",1,2010,85000
346,"1_Story","Average",1950,"Y",6,"Minor Deductions",1,2006,140200
347,"1_Story","Average",1998,"Y",5,"Minor Deductions",1,2007,151500
348,"1_Story","Average",1960,"Y",6,"Minor Deductions",2,2009,157500
349,"PUD","Average",2004,"Y",6,"Minor Deductions",2,2008,154000
350,"2_Story","Good",2006,"Y",10,"Minor Deductions",3,2006,437154
351,"PUD","Good",2007,"Y",6,"Minor Deductions",2,2007,318061
352,"PUD","Average",1986,"Y",6,"Minor Deductions",2,2006,190000
353,"1_Story","Average",1950,"N",5,"Minor Deductions",1,2008,95000
354,"1_Story","Average",2003,"Y",5,"Minor Deductions",2,2010,105900
355,"1_Story","Average",2000,"Y",6,"Minor Deductions",1,2006,140000
356,"1_Story","Average",1995,"Y",6,"Minor Deductions",2,2007,177500
357,"1_Story","Average",1992,"Y",6,"Minor Deductions",2,2009,173000
358,"PUD","Average",1976,"Y",6,"Minor Deductions",2,2007,134000
359,"2_Story","Average",1958,"Y",6,"Minor Deductions",1,2006,130000
360,"2_Story","Good",1998,"Y",7,"Minor Deductions",2,2006,280000
361,"2_Story","Average",1978,"Y",5,"Minor Deductions",2,2007,156000
362,"1_Story","Average",1982,"Y",8,"Minor Deductions",1,2008,145000
363,"2_Story","Average",2003,"Y",7,"Minor Deductions",2,2009,198500
364,"PUD","Average",2007,"Y",5,"Minor Deductions",1,2009,118000
365,"2_Story","Average",1976,"Y",6,"Minor Deductions",2,2006,190000
366,"2_Story","Average",1997,"Y",6,"Minor Deductions",1,2009,147000
367,"1_Story","Average",1963,"Y",6,"Minor Deductions",2,2009,159000
368,"2_Story","Average",1962,"Y",6,"Minor Deductions",1,2008,165000
369,"1_Story","Average",1954,"Y",7,"Minor Deductions",1,2010,132000
370,"1_Story","Average",2006,"Y",7,"Minor Deductions",2,2010,162000
371,"2_Story","Average",2000,"Y",7,"Minor Deductions",2,2006,172400
372,"1_Story","Poor",1959,"Y",7,"Minor Deductions",2,2008,134432
373,"PUD","Average",1984,"Y",4,"Minor Deductions",1,2010,125000
374,"1_Story","Average",1953,"Y",5,"Minor Deductions",1,2009,123000
375,"2_Story","Average",2004,"Y",8,"Minor Deductions",2,2007,219500
376,"1_Story","Poor",1950,"N",4,"Major Deductions",0,2009,61000
377,"2_Story","Average",1996,"Y",5,"Minor Deductions",2,2006,148000
378,"2_Story","Good",2005,"Y",8,"Minor Deductions",2,2007,340000
379,"1_Story","Good",2010,"Y",8,"Minor Deductions",3,2010,394432
380,"2_Story","Average",2000,"Y",7,"Minor Deductions",2,2009,179000
381,"1_Story","Average",1950,"Y",6,"Minor Deductions",1,2010,127000
382,"1_Story","Average",2006,"Y",5,"Minor Deductions",2,2006,187750
383,"2_Story","Average",2006,"Y",8,"Minor Deductions",2,2007,213500
384,"1_Story","Average",1950,"N",5,"Minor Deductions",2,2009,76000
385,"2_Story","Average",1992,"Y",9,"Minor Deductions",2,2007,240000
386,"PUD","Good",2005,"Y",6,"Minor Deductions",2,2010,192000
387,"1_Story","Average",1996,"Y",8,"Minor Deductions",0,2006,81000
388,"2_Story","Average",1976,"Y",6,"Minor Deductions",1,2009,125000
389,"1_Story","Average",2000,"Y",6,"Minor Deductions",2,2008,191000
390,"2_Story","Good",2008,"Y",9,"Minor Deductions",3,2008,426000
391,"1_Story","Average",1950,"Y",7,"Minor Deductions",1,2008,119000
392,"2_Story","Average",2002,"Y",7,"Minor Deductions",2,2009,215000
393,"1_Story","Average",1959,"Y",5,"Minor Deductions",1,2007,106500
394,"1_Story","Poor",1950,"Y",4,"Minor Deductions",0,2006,1e+05
395,"1_Story","Average",1950,"Y",5,"Minor Deductions",1,2007,109000
396,"1_Story","Average",1956,"Y",6,"Minor Deductions",1,2010,129000
397,"1_Story","Average",1972,"Y",6,"Minor Deductions",2,2009,123000
398,"2_Story","Average",1962,"Y",8,"Minor Deductions",1,2007,169500
399,"1_Story","Average",1950,"Y",6,"Major Deductions",1,2007,67000
400,"2_Story","Average",2007,"Y",7,"Minor Deductions",2,2009,241000
401,"PUD","Good",1996,"Y",4,"Minor Deductions",2,2008,245500
402,"1_Story","Average",2005,"Y",6,"Minor Deductions",2,2006,164990
403,"1_Story","Average",1997,"Y",4,"Minor Deductions",1,2008,108000
404,"2_Story","Good",1998,"Y",10,"Minor Deductions",2,2006,258000
405,"2_Story","Average",1996,"Y",7,"Minor Deductions",2,2007,168000
406,"1_Story","Poor",1993,"Y",8,"Minor Deductions",2,2009,150000
407,"1_Story","Average",1950,"Y",6,"Major Deductions",1,2008,115000
408,"2_Story","Average",1976,"Y",8,"Minor Deductions",1,2008,177000
409,"2_Story","Average",2006,"Y",9,"Minor Deductions",3,2007,280000
410,"2_Story","Good",2008,"Y",8,"Minor Deductions",3,2008,339750
411,"1_Story","Average",1958,"Y",5,"Moderate Deductions",1,2009,60000
412,"Duplex","Average",1955,"N",5,"Minor Deductions",2,2006,145000
413,"1_Story","Average",2009,"Y",7,"Minor Deductions",2,2010,222000
414,"1_Story","Average",1950,"Y",5,"Minor Deductions",2,2010,115000
415,"2_Story","Average",1993,"Y",9,"Minor Deductions",3,2008,228000
416,"1_Story","Average",2007,"Y",6,"Minor Deductions",2,2007,181134
417,"2_Story","Average",1978,"Y",6,"Minor Deductions",2,2006,149500
418,"2_Story","Average",1950,"N",10,"Minor Deductions",3,2007,239000
419,"1_Story","Average",1950,"N",7,"Minor Deductions",1,2007,126000
420,"1_Story","Average",1968,"Y",6,"Minor Deductions",1,2010,142000
421,"Duplex","Average",1998,"Y",8,"Minor Deductions",4,2008,206300
422,"1_Story","Average",2000,"Y",8,"Minor Deductions",2,2009,215000
423,"1_Story","Average",1954,"Y",4,"Minor Deductions",2,2008,113000
424,"2_Story","Good",1998,"Y",8,"Minor Deductions",3,2008,315000
425,"1_Story","Average",1956,"Y",6,"Minor Deductions",1,2008,139000
426,"2_Story","Average",1992,"Y",6,"Minor Deductions",1,2009,135000
427,"2_Story","Average",1989,"Y",5,"Minor Deductions",2,2009,275000
428,"1_Story","Poor",1957,"Y",5,"Minor Deductions",1,2008,109008
429,"1_Story","Average",2007,"Y",6,"Minor Deductions",2,2007,195400
430,"1_Story","Average",1988,"Y",6,"Minor Deductions",2,2009,175000
431,"PUD","Average",1971,"Y",4,"Minor Deductions",1,2008,85400
432,"1_Story","Average",1998,"Y",7,"Minor Deductions",0,2008,79900
433,"PUD","Average",1971,"Y",6,"Minor Deductions",2,2007,122500
434,"2_Story","Average",1998,"Y",7,"Minor Deductions",2,2008,181000
435,"PUD","Poor",1972,"Y",3,"Minor Deductions",0,2008,81000
436,"2_Story","Average",1996,"Y",6,"Minor Deductions",2,2009,212000
437,"1_Story","Average",1950,"Y",6,"Minor Deductions",2,2006,116000
438,"1_Story","Average",2004,"Y",4,"Minor Deductions",1,2009,119000
439,"1_Story","Average",2002,"N",4,"Minor Deductions",1,2007,90350
440,"1_Story","Average",2000,"Y",7,"Minor Deductions",2,2009,110000
441,"1_Story","Good",2008,"Y",10,"Minor Deductions",3,2009,555000
442,"Duplex","Poor",1955,"N",8,"Minor Deductions",0,2008,118000
443,"1_Story","Average",1992,"Y",8,"Minor Deductions",2,2008,162900
444,"PUD","Average",2007,"Y",6,"Minor Deductions",3,2007,172500
445,"2_Story","Average",1995,"Y",8,"Minor Deductions",2,2008,210000
446,"1_Story","Average",1956,"Y",7,"Minor Deductions",2,2009,127500
447,"1_Story","Average",2002,"Y",6,"Moderate Deductions",2,2010,190000
448,"2_Story","Average",1999,"Y",10,"Minor Deductions",2,2006,199900
449,"1_Story","Average",1950,"Y",7,"Minor Deductions",1,2006,119500
450,"1_Story","Poor",2002,"Y",6,"Minor Deductions",1,2007,120000
451,"1_Story","Average",2005,"Y",5,"Minor Deductions",1,2006,110000
452,"1_Story","Average",1975,"Y",5,"Minor Deductions",2,2006,280000
453,"2_Story","Average",1997,"Y",7,"Minor Deductions",2,2007,204000
454,"2_Story","Good",2008,"Y",6,"Minor Deductions",2,2009,210000
455,"Duplex","Average",1976,"Y",8,"Minor Deductions",2,2006,188000
456,"1_Story","Average",1973,"Y",6,"Minor Deductions",2,2007,175500
457,"2_Story","Average",1950,"N",7,"Minor Deductions",3,2008,98000
458,"1_Story","Poor",1994,"Y",6,"Minor Deductions",2,2008,256000
459,"2_Story","Good",1996,"Y",7,"Minor Deductions",1,2008,161000
460,"1_Story","Average",1950,"Y",5,"Minor Deductions",1,2009,110000
461,"2_Story","Good",2009,"Y",8,"Minor Deductions",2,2009,263435
462,"2_Story","Average",2007,"Y",6,"Minor Deductions",2,2009,155000
463,"1_Story","Average",1965,"Y",5,"Minor Deductions",1,2009,62383
464,"2_Story","Average",1995,"Y",6,"Minor Deductions",1,2008,188700
465,"1_Story","Average",1978,"Y",5,"Minor Deductions",0,2009,124000
466,"PUD","Average",2004,"Y",6,"Minor Deductions",2,2006,178740
467,"1_Story","Average",1970,"Y",5,"Minor Deductions",2,2007,167000
468,"2_Story","Average",1995,"Y",7,"Minor Deductions",1,2007,146500
469,"1_Story","Good",2006,"Y",7,"Minor Deductions",3,2007,250000
470,"2_Story","Average",1993,"Y",7,"Minor Deductions",2,2008,187000
471,"PUD","Good",1985,"Y",4,"Minor Deductions",2,2010,212000
472,"2_Story","Average",1977,"Y",8,"Minor Deductions",2,2007,190000
473,"PUD","Average",2005,"Y",5,"Minor Deductions",2,2008,148000
474,"1_Story","Good",2007,"Y",7,"Minor Deductions",3,2007,440000
475,"PUD","Good",2000,"Y",6,"Minor Deductions",2,2007,251000
476,"1_Story","Average",1963,"Y",5,"Minor Deductions",2,2007,132500
477,"1_Story","Average",1998,"Y",7,"Minor Deductions",2,2008,208900
478,"2_Story","Good",2006,"Y",9,"Minor Deductions",3,2007,380000
479,"1_Story","Good",2008,"Y",7,"Minor Deductions",3,2009,297000
480,"1_Story","Poor",2000,"Y",7,"Minor Deductions",2,2007,89471
481,"1_Story","Good",2005,"Y",8,"Minor Deductions",3,2006,326000
482,"1_Story","Good",2004,"Y",6,"Minor Deductions",3,2006,374000
483,"2_Story","Average",2005,"Y",7,"Minor Deductions",1,2009,155000
484,"PUD","Average",1998,"Y",5,"Minor Deductions",2,2006,164000
485,"1_Story","Average",2001,"Y",6,"Minor Deductions",1,2007,132500
486,"1_Story","Average",2007,"Y",5,"Minor Deductions",1,2009,147000
487,"1_Story","Average",1965,"Y",6,"Minor Deductions",2,2007,156000
488,"1_Story","Average",1971,"Y",7,"Minor Deductions",2,2007,175000
489,"Duplex","Average",1970,"N",10,"Moderate Deductions",2,2006,160000
490,"PUD","Poor",2002,"Y",3,"Minor Deductions",1,2009,86000
491,"PUD","Average",1976,"Y",4,"Minor Deductions",1,2008,115000
492,"1_Story","Average",1950,"Y",5,"Minor Deductions",1,2006,133000
493,"2_Story","Average",2006,"Y",8,"Minor Deductions",2,2006,172785
494,"1_Story","Average",1960,"Y",6,"Minor Deductions",1,2008,155000
495,"1_Story","Average",1996,"Y",4,"Minor Deductions",1,2009,91300
496,"1_Story","Poor",1950,"N",4,"Minor Deductions",0,2009,34900
497,"1_Story","Good",1993,"Y",10,"Minor Deductions",2,2007,430000
498,"1_Story","Average",1950,"Y",8,"Minor Deductions",1,2008,184000
499,"1_Story","Average",2004,"Y",5,"Minor Deductions",1,2009,130000
500,"1_Story","Average",1985,"Y",5,"Minor Deductions",1,2007,120000
501,"PUD","Average",1973,"Y",7,"Minor Deductions",1,2007,113000
502,"2_Story","Average",2005,"Y",7,"Minor Deductions",2,2008,226700
503,"1_Story","Average",1965,"Y",6,"Minor Deductions",2,2007,140000
504,"1_Story","Average",1997,"Y",6,"Minor Deductions",2,2010,289000
505,"PUD","Average",1974,"Y",6,"Minor Deductions",2,2009,147000
506,"Duplex","Average",1952,"Y",10,"Minor Deductions",2,2009,124500
507,"2_Story","Good",1994,"Y",8,"Minor Deductions",2,2006,215000
508,"1_Story","Average",2009,"Y",4,"Minor Deductions",2,2009,208300
509,"2_Story","Average",2005,"Y",7,"Minor Deductions",2,2008,161000
510,"1_Story","Average",1959,"Y",6,"Minor Deductions",1,2009,124500
511,"1_Story","Average",2000,"Y",6,"Minor Deductions",1,2009,164900
512,"PUD","Average",2006,"Y",6,"Minor Deductions",2,2006,202665
513,"1_Story","Average",1958,"Y",5,"Minor Deductions",2,2006,129900
514,"1_Story","Average",1983,"Y",5,"Minor Deductions",2,2007,134000
515,"1_Story","Average",1950,"N",5,"Minor Deductions",1,2007,96500
516,"1_Story","Good",2009,"Y",9,"Minor Deductions",3,2009,402861
517,"2_Story","Average",1972,"Y",7,"Minor Deductions",2,2009,158000
518,"2_Story","Average",1997,"Y",7,"Minor Deductions",3,2009,265000
519,"2_Story","Average",1998,"Y",7,"Minor Deductions",2,2007,211000
520,"2_Story","Average",2004,"Y",9,"Minor Deductions",1,2009,234000
521,"Duplex","Poor",2000,"N",7,"Minor Deductions",0,2008,106250
522,"1_Story","Average",1957,"Y",6,"Minor Deductions",1,2007,150000
523,"1_Story","Average",1950,"Y",7,"Minor Deductions",2,2006,159000
524,"2_Story","Good",2008,"Y",11,"Minor Deductions",3,2007,184750
525,"2_Story","Average",1997,"Y",8,"Minor Deductions",3,2007,315750
526,"1_Story","Average",2005,"Y",6,"Minor Deductions",2,2006,176000
527,"1_Story","Average",2000,"Y",4,"Minor Deductions",1,2007,132000
528,"2_Story","Good",2008,"Y",11,"Minor Deductions",3,2008,446261
529,"1_Story","Poor",2002,"Y",5,"Minor Deductions",0,2007,86000
530,"1_Story","Average",1975,"Y",9,"Major Deductions",2,2007,200624
531,"2_Story","Average",1989,"Y",5,"Minor Deductions",2,2008,175000
532,"2_Story","Average",1999,"Y",6,"Minor Deductions",2,2008,128000
533,"1_Story","Average",2007,"Y",5,"Moderate Deductions",1,2010,107500
534,"1_Story","Poor",1950,"N",2,"Minor Deductions",0,2007,39300
535,"2_Story","Good",2004,"Y",6,"Minor Deductions",2,2006,178000
536,"Duplex","Average",1991,"Y",5,"Minor Deductions",0,2008,107500
537,"2_Story","Average",1999,"Y",8,"Minor Deductions",2,2008,188000
538,"1_Story","Poor",1972,"Y",5,"Minor Deductions",2,2008,111250
539,"1_Story","Average",1968,"Y",7,"Minor Deductions",1,2006,158000
540,"1_Story","Good",2002,"Y",6,"Minor Deductions",2,2010,272000
541,"1_Story","Good",2006,"Y",8,"Minor Deductions",3,2009,315000
542,"2_Story","Good",2000,"Y",8,"Minor Deductions",3,2007,248000
543,"1_Story","Average",1999,"Y",7,"Major Deductions",2,2009,213250
544,"PUD","Average",1998,"Y",4,"Minor Deductions",1,2007,133000
545,"2_Story","Average",2006,"Y",7,"Minor Deductions",2,2006,179665
546,"1_Story","Average",1988,"Y",9,"Minor Deductions",3,2006,229000
547,"1_Story","Average",1950,"Y",6,"Minor Deductions",2,2007,210000
548,"2_Story","Average",1970,"Y",5,"Minor Deductions",2,2007,129500
549,"1_Story","Average",1995,"Y",4,"Minor Deductions",2,2008,125000
550,"2_Story","Average",2004,"Y",8,"Minor Deductions",2,2009,263000
551,"PUD","Average",1977,"Y",4,"Minor Deductions",2,2008,140000
552,"1_Story","Average",1957,"Y",5,"Minor Deductions",1,2008,112500
553,"1_Story","Good",2006,"Y",7,"Minor Deductions",3,2009,255500
554,"1_Story","Poor",2003,"Y",5,"Minor Deductions",2,2009,108000
555,"2_Story","Average",2004,"Y",8,"Minor Deductions",3,2008,284000
556,"1_Story","Average",1950,"Y",5,"Minor Deductions",1,2006,113000
557,"1_Story","Average",1957,"Y",6,"Minor Deductions",1,2006,141000
558,"1_Story","Poor",1950,"Y",7,"Minor Deductions",1,2006,108000
559,"2_Story","Average",1997,"Y",6,"Minor Deductions",2,2008,175000
560,"PUD","Average",2004,"Y",7,"Minor Deductions",2,2006,234000
561,"1_Story","Average",1996,"Y",5,"Moderate Deductions",2,2010,121500
562,"1_Story","Average",1975,"Y",6,"Minor Deductions",2,2006,170000
563,"1_Story","Average",1969,"Y",6,"Minor Deductions",0,2008,108000
564,"1_Story","Average",1950,"Y",8,"Minor Deductions",2,2008,185000
565,"2_Story","Average",2000,"Y",9,"Minor Deductions",2,2006,268000
566,"2_Story","Average",1950,"N",6,"Minor Deductions",1,2010,128000
567,"2_Story","Good",2007,"Y",11,"Minor Deductions",3,2008,325000
568,"1_Story","Average",2004,"Y",7,"Minor Deductions",2,2010,214000
569,"1_Story","Good",2009,"Y",5,"Minor Deductions",2,2009,316600
570,"Duplex","Average",1979,"Y",4,"Minor Deductions",2,2006,135960
571,"Duplex","Average",1965,"Y",10,"Minor Deductions",2,2008,142600
572,"1_Story","Average",1959,"Y",4,"Minor Deductions",1,2006,120000
573,"2_Story","Average",2009,"Y",6,"Minor Deductions",2,2009,224500
574,"2_Story","Average",2000,"Y",8,"Minor Deductions",2,2007,170000
575,"2_Story","Average",2005,"Y",5,"Minor Deductions",1,2007,139000
576,"1_Story","Average",1950,"Y",6,"Minor Deductions",1,2008,118500
577,"1_Story","Average",1950,"Y",6,"Minor Deductions",1,2009,145000
578,"2_Story","Average",1966,"Y",6,"Minor Deductions",2,2006,164500
579,"PUD","Average",2007,"Y",5,"Minor Deductions",2,2008,146000
580,"1_Story","Average",1954,"N",7,"Minor Deductions",1,2008,131500
581,"1_Story","Average",1987,"Y",7,"Minor Deductions",2,2007,181900
582,"1_Story","Good",2009,"Y",8,"Minor Deductions",3,2009,253293
583,"Duplex","Average",1990,"Y",5,"Minor Deductions",0,2007,118500
584,"2_Story","Good",2000,"Y",9,"Minor Deductions",2,2008,325000
585,"1_Story","Poor",1995,"Y",6,"Minor Deductions",1,2009,133000
586,"1_Story","Good",2006,"Y",7,"Minor Deductions",3,2006,369900
587,"1_Story","Average",2000,"Y",5,"Minor Deductions",1,2008,130000
588,"2_Story","Average",1982,"Y",4,"Minor Deductions",2,2009,137000
589,"1_Story","Average",2003,"Y",5,"Minor Deductions",1,2009,143000
590,"1_Story","Average",1960,"Y",4,"Minor Deductions",1,2008,79500
591,"2_Story","Average",2004,"Y",6,"Minor Deductions",2,2008,185900
592,"2_Story","Good",2008,"Y",10,"Minor Deductions",3,2009,451950
593,"1_Story","Average",2003,"Y",4,"Minor Deductions",2,2008,138000
594,"PUD","Average",2003,"Y",4,"Minor Deductions",2,2009,140000
595,"1_Story","Average",1975,"Y",5,"Minor Deductions",1,2008,110000
596,"1_Story","Good",2006,"Y",7,"Minor Deductions",3,2006,319000
597,"2_Story","Average",1993,"N",7,"Minor Deductions",1,2006,114504
598,"PUD","Average",2007,"Y",7,"Minor Deductions",3,2007,194201
599,"1_Story","Average",1977,"Y",7,"Minor Deductions",2,2006,217500
600,"PUD","Average",1980,"Y",6,"Minor Deductions",2,2008,151000
601,"2_Story","Good",2005,"Y",8,"Minor Deductions",2,2006,275000
602,"1_Story","Average",1950,"Y",6,"Minor Deductions",1,2007,141000
603,"2_Story","Good",1992,"Y",8,"Minor Deductions",2,2006,220000
604,"PUD","Average",2005,"Y",4,"Minor Deductions",2,2010,151000
605,"1_Story","Average",2002,"Y",6,"Minor Deductions",2,2008,221000
606,"2_Story","Average",1990,"Y",7,"Minor Deductions",2,2009,205000
607,"1_Story","Average",1996,"Y",6,"Minor Deductions",2,2009,152000
608,"1_Story","Average",2002,"Y",8,"Minor Deductions",1,2006,225000
609,"2_Story","Good",1998,"Y",10,"Minor Deductions",2,2007,359100
610,"1_Story","Poor",1961,"Y",5,"Minor Deductions",1,2007,118500
611,"2_Story","Good",2000,"Y",8,"Minor Deductions",3,2009,313000
612,"2_Story","Average",1978,"Y",6,"Minor Deductions",2,2007,148000
613,"2_Story","Good",2001,"Y",7,"Minor Deductions",2,2009,261500
614,"1_Story","Average",2007,"Y",6,"Minor Deductions",0,2007,147000
615,"PUD","Poor",1972,"Y",3,"Minor Deductions",0,2010,75500
616,"2_Story","Average",1963,"Y",6,"Minor Deductions",2,2010,137500
617,"2_Story","Average",2003,"Y",7,"Minor Deductions",2,2006,183200
618,"1_Story","Average",1954,"Y",4,"Minor Deductions",2,2008,105500
619,"1_Story","Good",2007,"Y",9,"Minor Deductions",3,2007,314813
620,"2_Story","Good",2003,"Y",10,"Minor Deductions",3,2008,305000
621,"1_Story","Poor",1950,"N",5,"Minor Deductions",0,2008,67000
622,"2_Story","Average",1997,"Y",9,"Minor Deductions",2,2008,240000
623,"1_Story","Average",1977,"Y",6,"Minor Deductions",2,2009,135000
624,"PUD","Average",2000,"Y",4,"Minor Deductions",2,2007,168500
625,"2_Story","Average",1972,"Y",8,"Minor Deductions",2,2006,165150
626,"1_Story","Average",1962,"Y",5,"Minor Deductions",2,2010,160000
627,"1_Story","Average",1978,"Y",6,"Minor Deductions",1,2007,139900
628,"2_Story","Average",1972,"Y",7,"Minor Deductions",1,2010,153000
629,"2_Story","Average",1969,"Y",9,"Minor Deductions",2,2007,135000
630,"2_Story","Average",1964,"Y",6,"Minor Deductions",2,2008,168500
631,"2_Story","Average",1991,"Y",8,"Minor Deductions",1,2006,124000
632,"PUD","Good",2006,"Y",6,"Minor Deductions",2,2007,209500
633,"1_Story","Average",1977,"Y",6,"Minor Deductions",2,2009,82500
634,"1_Story","Average",2005,"Y",6,"Minor Deductions",1,2007,139400
635,"Duplex","Average",1980,"Y",4,"Minor Deductions",2,2010,144000
636,"Duplex","Average",1995,"Y",14,"Minor Deductions",0,2007,2e+05
637,"1_Story","Poor",1950,"N",4,"Major Deductions",0,2009,60000
638,"Duplex","Average",1954,"Y",7,"Minor Deductions",1,2009,93000
639,"1_Story","Average",1950,"Y",4,"Minor Deductions",0,2008,85000
640,"PUD","Good",2006,"Y",7,"Minor Deductions",3,2006,264561
641,"PUD","Good",2004,"Y",6,"Minor Deductions",2,2008,274000
642,"2_Story","Average",2001,"Y",7,"Minor Deductions",2,2007,226000
643,"2_Story","Good",1995,"Y",9,"Minor Deductions",2,2009,345000
644,"2_Story","Average",1969,"Y",7,"Minor Deductions",2,2007,152000
645,"1_Story","Good",2009,"Y",7,"Minor Deductions",3,2009,370878
646,"1_Story","Average",1971,"Y",5,"Minor Deductions",2,2007,143250
647,"1_Story","Average",1950,"Y",7,"Minor Deductions",2,2008,98300
648,"1_Story","Average",1953,"Y",5,"Minor Deductions",2,2008,155000
649,"2_Story","Average",1966,"Y",7,"Minor Deductions",2,2010,155000
650,"PUD","Poor",1970,"Y",3,"Minor Deductions",0,2007,84500
651,"2_Story","Average",2007,"Y",7,"Minor Deductions",2,2008,205950
652,"2_Story","Poor",1950,"Y",7,"Minor Deductions",1,2009,108000
653,"2_Story","Average",1996,"Y",7,"Minor Deductions",2,2009,191000
654,"1_Story","Average",1995,"Y",7,"Minor Deductions",1,2008,135000
655,"1_Story","Good",1995,"Y",7,"Minor Deductions",3,2008,350000
656,"PUD","Average",1971,"Y",6,"Minor Deductions",1,2010,88000
657,"1_Story","Average",2006,"Y",5,"Minor Deductions",1,2008,145500
658,"2_Story","Average",2000,"Y",6,"Minor Deductions",1,2008,149000
659,"1_Story","Average",1950,"Y",6,"Minor Deductions",1,2010,97500
660,"1_Story","Average",1999,"Y",7,"Minor Deductions",2,2009,167000
661,"2_Story","Average",1976,"Y",7,"Minor Deductions",2,2007,197900
662,"2_Story","Good",2005,"Y",8,"Minor Deductions",3,2009,402000
663,"1_Story","Average",1968,"Y",5,"Major Deductions",2,2009,110000
664,"2_Story","Poor",1972,"Y",6,"Minor Deductions",2,2008,137500
665,"1_Story","Good",2006,"Y",8,"Minor Deductions",3,2006,423000
666,"2_Story","Good",2000,"Y",7,"Minor Deductions",2,2006,230500
667,"2_Story","Average",1979,"Y",7,"Major Deductions",2,2007,129000
668,"1_Story","Average",1998,"Y",7,"Minor Deductions",2,2008,193500
669,"1_Story","Average",1987,"Y",6,"Minor Deductions",2,2006,168000
670,"1_Story","Poor",1950,"Y",5,"Minor Deductions",1,2006,137500
671,"2_Story","Average",2005,"Y",7,"Minor Deductions",2,2009,173500
672,"2_Story","Average",1950,"N",6,"Minor Deductions",1,2009,103600
673,"1_Story","Average",1977,"Y",6,"Minor Deductions",2,2006,165000
674,"1_Story","Average",2004,"Y",7,"Minor Deductions",2,2007,257500
675,"1_Story","Average",1965,"Y",5,"Minor Deductions",1,2008,140000
676,"PUD","Average",1978,"Y",7,"Minor Deductions",2,2009,148500
677,"2_Story","Poor",1950,"N",8,"Minor Deductions",3,2006,87000
678,"1_Story","Average",2006,"Y",5,"Minor Deductions",1,2009,109500
679,"1_Story","Good",2008,"Y",7,"Minor Deductions",3,2009,372500
680,"1_Story","Average",1961,"Y",5,"Minor Deductions",2,2007,128500
681,"PUD","Average",1980,"Y",5,"Minor Deductions",1,2010,143000
682,"1_Story","Average",2000,"Y",6,"Minor Deductions",1,2009,159434
683,"PUD","Average",1997,"Y",6,"Minor Deductions",2,2008,173000
684,"1_Story","Good",2002,"Y",7,"Minor Deductions",3,2007,285000
685,"2_Story","Average",1998,"Y",7,"Minor Deductions",2,2010,221000
686,"PUD","Average",1984,"Y",6,"Minor Deductions",2,2007,207500
687,"2_Story","Average",2007,"Y",7,"Minor Deductions",2,2007,227875
688,"PUD","Average",2004,"Y",4,"Minor Deductions",2,2007,148800
689,"1_Story","Good",2007,"Y",7,"Minor Deductions",2,2007,392000
690,"PUD","Average",2006,"Y",6,"Minor Deductions",2,2007,194700
691,"PUD","Average",2004,"Y",3,"Minor Deductions",2,2008,141000
692,"2_Story","Good",1995,"Y",10,"Minor Deductions",3,2007,755000
693,"2_Story","Average",1990,"Y",9,"Minor Deductions",2,2006,335000
694,"1_Story","Average",1968,"Y",4,"Minor Deductions",1,2006,108480
695,"1_Story","Average",1950,"Y",5,"Minor Deductions",2,2009,141500
696,"1_Story","Average",1987,"Y",5,"Minor Deductions",2,2006,176000
697,"1_Story","Average",1950,"Y",4,"Minor Deductions",1,2006,89000
698,"1_Story","Average",1952,"Y",6,"Minor Deductions",1,2006,123500
699,"1_Story","Average",2009,"Y",5,"Minor Deductions",1,2010,138500
700,"PUD","Average",2004,"Y",5,"Minor Deductions",2,2008,196000
701,"1_Story","Good",2002,"Y",7,"Minor Deductions",3,2006,312500
702,"1_Story","Average",1969,"Y",6,"Minor Deductions",2,2006,140000
703,"2_Story","Good",2006,"Y",10,"Minor Deductions",3,2006,361919
704,"Duplex","Average",1996,"Y",8,"Minor Deductions",2,2010,140000
705,"1_Story","Average",2005,"Y",7,"Minor Deductions",2,2010,213000
706,"Duplex","Poor",1950,"N",7,"Moderate Deductions",0,2010,55000
707,"1_Story","Average",2002,"Y",5,"Minor Deductions",2,2007,302000
708,"PUD","Good",2006,"Y",6,"Minor Deductions",2,2009,254000
709,"2_Story","Average",2007,"Y",8,"Minor Deductions",2,2007,179540
710,"1_Story","Average",1966,"Y",6,"Minor Deductions",1,2008,109900
711,"1_Story","Poor",2003,"Y",5,"Major Deductions",0,2008,52000
712,"1_Story","Poor",1950,"Y",7,"Minor Deductions",1,2010,102776
713,"PUD","Good",1989,"Y",5,"Minor Deductions",2,2008,189000
714,"Duplex","Poor",1970,"N",6,"Minor Deductions",2,2006,129000
715,"2_Story","Average",2005,"Y",6,"Minor Deductions",2,2010,130500
716,"1_Story","Average",1974,"Y",7,"Minor Deductions",2,2009,165000
717,"2_Story","Average",1998,"Y",8,"Minor Deductions",2,2007,159500
718,"1_Story","Average",2000,"Y",5,"Minor Deductions",2,2008,157000
719,"2_Story","Average",1994,"Y",9,"Minor Deductions",3,2008,341000
720,"1_Story","Average",1969,"Y",5,"Minor Deductions",1,2006,128500
721,"PUD","Good",1985,"Y",5,"Minor Deductions",2,2006,275000
722,"PUD","Average",2004,"Y",3,"Minor Deductions",2,2010,143000
723,"1_Story","Poor",1970,"Y",5,"Minor Deductions",2,2009,124500
724,"1_Story","Poor",1972,"Y",7,"Minor Deductions",1,2008,135000
725,"1_Story","Good",2008,"Y",8,"Minor Deductions",3,2009,320000
726,"1_Story","Poor",1970,"Y",5,"Minor Deductions",2,2009,120500
727,"1_Story","Average",2007,"Y",5,"Minor Deductions",2,2009,222000
728,"1_Story","Average",2007,"Y",6,"Minor Deductions",2,2009,194500
729,"Duplex","Average",1958,"Y",9,"Minor Deductions",3,2009,110000
730,"1_Story","Poor",1950,"Y",5,"Minor Deductions",2,2009,103000
731,"PUD","Good",1996,"Y",5,"Minor Deductions",2,2010,236500
732,"2_Story","Average",2003,"Y",6,"Minor Deductions",2,2007,187500
733,"2_Story","Average",1999,"Y",8,"Minor Deductions",2,2008,222500
734,"1_Story","Average",1983,"Y",6,"Minor Deductions",1,2009,131400
735,"1_Story","Average",1968,"Y",6,"Minor Deductions",1,2007,108000
736,"2_Story","Average",1970,"N",6,"Minor Deductions",2,2006,163000
737,"Duplex","Poor",1950,"N",6,"Minor Deductions",2,2006,93500
738,"2_Story","Good",2005,"Y",8,"Minor Deductions",3,2006,239900
739,"Duplex","Average",1988,"Y",5,"Minor Deductions",0,2009,179000
740,"2_Story","Average",2004,"Y",7,"Minor Deductions",2,2009,190000
741,"2_Story","Average",2002,"Y",7,"Minor Deductions",2,2007,132000
742,"1_Story","Average",1996,"Y",5,"Minor Deductions",1,2008,142000
743,"1_Story","Average",2001,"Y",6,"Minor Deductions",2,2007,179000
744,"2_Story","Average",1999,"Y",6,"Minor Deductions",2,2009,175000
745,"PUD","Good",1993,"Y",5,"Minor Deductions",2,2008,180000
746,"2_Story","Good",1996,"Y",11,"Minor Deductions",2,2008,299800
747,"2_Story","Average",2000,"Y",8,"Minor Deductions",2,2009,236000
748,"2_Story","Average",2003,"N",8,"Minor Deductions",4,2009,265979
749,"1_Story","Average",1996,"Y",7,"Minor Deductions",2,2010,260400
750,"1_Story","Poor",1950,"N",9,"Moderate Deductions",1,2009,98000
751,"1_Story","Poor",2004,"Y",7,"Minor Deductions",0,2010,96500
752,"2_Story","Average",2003,"Y",6,"Minor Deductions",2,2007,162000
753,"1_Story","Average",1997,"Y",6,"Minor Deductions",2,2006,217000
754,"2_Story","Good",2005,"Y",8,"Minor Deductions",3,2006,275500
755,"1_Story","Average",2005,"Y",5,"Minor Deductions",2,2009,156000
756,"PUD","Average",1999,"Y",6,"Minor Deductions",2,2009,172500
757,"2_Story","Good",2007,"Y",7,"Minor Deductions",2,2009,212000
758,"2_Story","Average",1978,"Y",6,"Minor Deductions",2,2010,158900
759,"PUD","Average",1999,"Y",6,"Minor Deductions",2,2008,179400
760,"2_Story","Good",1995,"Y",9,"Minor Deductions",3,2007,290000
761,"1_Story","Average",1959,"Y",5,"Minor Deductions",1,2009,127500
762,"1_Story","Average",1950,"Y",5,"Minor Deductions",2,2009,1e+05
763,"2_Story","Average",2009,"Y",7,"Minor Deductions",2,2010,215200
764,"2_Story","Good",1999,"Y",8,"Minor Deductions",3,2009,337000
765,"PUD","Good",1996,"Y",6,"Minor Deductions",2,2006,270000
766,"1_Story","Good",2008,"Y",6,"Minor Deductions",2,2008,264132
767,"2_Story","Average",1988,"Y",7,"Minor Deductions",2,2010,196500
768,"1_Story","Average",1985,"Y",7,"Moderate Deductions",1,2008,160000
769,"1_Story","Average",2005,"Y",8,"Minor Deductions",2,2006,216837
770,"2_Story","Good",2003,"Y",12,"Moderate Deductions",3,2010,538000
771,"2_Story","Average",1982,"Y",5,"Minor Deductions",2,2009,134900
772,"1_Story","Poor",1951,"Y",6,"Minor Deductions",2,2006,102000
773,"2_Story","Average",1976,"Y",6,"Minor Deductions",2,2010,107000
774,"1_Story","Average",1958,"Y",5,"Minor Deductions",1,2007,114500
775,"1_Story","Good",2006,"Y",9,"Minor Deductions",3,2007,395000
776,"PUD","Average",1998,"Y",5,"Minor Deductions",2,2009,162000
777,"1_Story","Average",2006,"Y",7,"Minor Deductions",3,2006,221500
778,"1_Story","Average",1974,"Y",5,"Minor Deductions",2,2006,142500
779,"Duplex","Average",1977,"Y",10,"Minor Deductions",2,2007,144000
780,"Duplex","Average",1977,"Y",4,"Minor Deductions",2,2006,135000
781,"1_Story","Average",1996,"Y",6,"Minor Deductions",2,2007,176000
782,"2_Story","Average",1992,"Y",7,"Minor Deductions",2,2006,175900
783,"1_Story","Average",2002,"Y",6,"Minor Deductions",2,2009,187100
784,"2_Story","Average",1978,"Y",4,"Minor Deductions",2,2009,165500
785,"2_Story","Average",2001,"Y",9,"Minor Deductions",0,2008,128000
786,"1_Story","Average",1967,"Y",7,"Minor Deductions",2,2009,161500
787,"1_Story","Average",1950,"Y",7,"Minor Deductions",1,2010,139000
788,"2_Story","Average",2004,"Y",8,"Minor Deductions",2,2010,233000
789,"1_Story","Poor",2000,"Y",4,"Minor Deductions",1,2008,107900
790,"2_Story","Average",2007,"Y",9,"Minor Deductions",2,2007,187500
791,"PUD","Average",2006,"Y",5,"Minor Deductions",2,2009,160200
792,"2_Story","Average",1976,"Y",5,"Minor Deductions",2,2007,146800
793,"2_Story","Average",1997,"Y",8,"Minor Deductions",2,2007,269790
794,"1_Story","Good",2007,"Y",7,"Minor Deductions",2,2007,225000
795,"2_Story","Average",1996,"Y",7,"Minor Deductions",2,2008,194500
796,"2_Story","Average",1981,"Y",7,"Minor Deductions",2,2010,171000
797,"1_Story","Average",1977,"Y",7,"Minor Deductions",2,2007,143500
798,"1_Story","Average",1953,"Y",4,"Minor Deductions",1,2008,110000
799,"2_Story","Good",2009,"Y",11,"Minor Deductions",3,2009,485000
800,"1_Story","Average",1950,"Y",7,"Minor Deductions",1,2007,175000
801,"2_Story","Average",1997,"Y",8,"Minor Deductions",2,2008,2e+05
802,"1_Story","Poor",1990,"Y",5,"Minor Deductions",2,2007,109900
803,"2_Story","Average",2005,"Y",7,"Minor Deductions",2,2008,189000
804,"2_Story","Good",2009,"Y",12,"Minor Deductions",3,2009,582933
805,"1_Story","Average",1954,"Y",5,"Minor Deductions",1,2006,118000
806,"1_Story","Average",2008,"Y",6,"Minor Deductions",2,2008,227680
807,"2_Story","Average",1967,"Y",6,"Minor Deductions",1,2006,135500
808,"2_Story","Average",2004,"Y",6,"Minor Deductions",2,2009,223500
809,"2_Story","Average",1966,"Y",6,"Minor Deductions",2,2006,159950
810,"2_Story","Average",1965,"N",11,"Minor Deductions",2,2009,106000
811,"1_Story","Average",1999,"Y",5,"Minor Deductions",2,2006,181000
812,"PUD","Average",2004,"Y",4,"Minor Deductions",2,2008,144500
813,"1_Story","Average",1952,"N",4,"Minor Deductions",2,2010,55993
814,"1_Story","Average",1958,"Y",7,"Minor Deductions",1,2007,157900
815,"1_Story","Average",1950,"Y",7,"Minor Deductions",1,2006,116000
816,"1_Story","Average",1998,"Y",6,"Minor Deductions",2,2010,224900
817,"1_Story","Average",1954,"Y",4,"Minor Deductions",1,2006,137000
818,"1_Story","Good",2002,"Y",7,"Minor Deductions",3,2008,271000
819,"2_Story","Average",1971,"Y",6,"Minor Deductions",2,2010,155000
820,"PUD","Average",2010,"Y",6,"Minor Deductions",2,2010,224000
821,"2_Story","Average",2003,"Y",6,"Minor Deductions",2,2008,183000
822,"1_Story","Poor",1953,"N",4,"Minor Deductions",2,2009,93000
823,"2_Story","Average",2003,"Y",7,"Minor Deductions",2,2007,225000
824,"1_Story","Average",1950,"Y",7,"Minor Deductions",1,2009,139500
825,"1_Story","Good",2006,"Y",7,"Minor Deductions",2,2006,232600
826,"1_Story","Good",2008,"Y",7,"Minor Deductions",3,2008,385000
827,"1_Story","Average",1950,"Y",5,"Minor Deductions",0,2008,109500
828,"1_Story","Average",2001,"Y",6,"Minor Deductions",2,2009,189000
829,"2_Story","Average",1967,"Y",7,"Minor Deductions",2,2009,185000
830,"PUD","Average",2005,"Y",4,"Minor Deductions",2,2006,147400
831,"1_Story","Average",1957,"Y",6,"Minor Deductions",2,2008,166000
832,"PUD","Average",2005,"Y",4,"Minor Deductions",2,2006,151000
833,"2_Story","Average",2003,"Y",7,"Minor Deductions",2,2010,237000
834,"1_Story","Average",1964,"Y",6,"Minor Deductions",2,2009,167000
835,"1_Story","Average",1961,"Y",6,"Minor Deductions",2,2008,139950
836,"1_Story","Poor",1995,"Y",4,"Minor Deductions",2,2010,128000
837,"1_Story","Average",1973,"Y",5,"Minor Deductions",2,2007,153500
838,"PUD","Average",1973,"Y",5,"Minor Deductions",1,2008,1e+05
839,"1_Story","Average",2006,"Y",6,"Minor Deductions",1,2008,144000
840,"1_Story","Average",1995,"Y",6,"Minor Deductions",1,2008,130500
841,"2_Story","Average",1950,"N",7,"Minor Deductions",1,2008,140000
842,"2_Story","Average",2002,"Y",8,"Minor Deductions",2,2008,157500
843,"2_Story","Average",1966,"Y",6,"Minor Deductions",2,2008,174900
844,"Duplex","Average",1961,"N",10,"Minor Deductions",0,2007,141000
845,"1_Story","Average",1950,"Y",7,"Minor Deductions",3,2008,153900
846,"2_Story","Average",1981,"Y",6,"Minor Deductions",2,2007,171000
847,"2_Story","Average",1993,"Y",7,"Minor Deductions",2,2009,213000
848,"1_Story","Average",1972,"Y",5,"Minor Deductions",1,2009,133500
849,"1_Story","Average",1997,"Y",10,"Minor Deductions",2,2008,240000
850,"2_Story","Average",1994,"Y",7,"Minor Deductions",2,2007,187000
851,"PUD","Average",2003,"Y",3,"Minor Deductions",2,2007,131500
852,"PUD","Good",2003,"Y",7,"Minor Deductions",2,2006,215000
853,"2_Story","Average",1950,"Y",7,"Minor Deductions",1,2007,164000
854,"2_Story","Average",1964,"Y",7,"Minor Deductions",2,2009,158000
855,"1_Story","Average",1974,"Y",6,"Minor Deductions",2,2006,170000
856,"1_Story","Average",2010,"Y",6,"Minor Deductions",1,2010,127000
857,"2_Story","Average",1978,"Y",5,"Minor Deductions",2,2008,147000
858,"2_Story","Average",1995,"Y",6,"Minor Deductions",2,2009,174000
859,"1_Story","Average",1976,"Y",6,"Minor Deductions",2,2009,152000
860,"2_Story","Average",1984,"Y",9,"Minor Deductions",2,2006,250000
861,"1_Story","Average",1998,"Y",7,"Minor Deductions",1,2007,189950
862,"Duplex","Average",1965,"Y",6,"Minor Deductions",2,2010,131500
863,"1_Story","Average",1985,"Y",6,"Minor Deductions",2,2010,152000
864,"1_Story","Average",1959,"Y",6,"Minor Deductions",1,2009,132500
865,"1_Story","Average",2008,"Y",6,"Minor Deductions",2,2008,250580
866,"1_Story","Average",1970,"Y",5,"Minor Deductions",2,2009,148500
867,"1_Story","Good",2007,"Y",6,"Minor Deductions",3,2007,248900
868,"1_Story","Poor",1961,"Y",5,"Minor Deductions",2,2007,129000
869,"2_Story","Average",1950,"Y",7,"Minor Deductions",2,2006,169000
870,"2_Story","Average",1994,"Y",8,"Minor Deductions",2,2010,236000
871,"1_Story","Average",1962,"N",5,"Minor Deductions",1,2009,109500
872,"2_Story","Average",1998,"Y",7,"Minor Deductions",2,2010,200500
873,"1_Story","Average",1996,"Y",5,"Minor Deductions",2,2008,116000
874,"1_Story","Average",1950,"Y",6,"Minor Deductions",1,2009,133000
875,"1_Story","Average",1950,"Y",5,"Minor Deductions",1,2009,66500
876,"2_Story","Good",2007,"Y",11,"Minor Deductions",2,2007,303477
877,"1_Story","Poor",1963,"Y",5,"Minor Deductions",2,2007,132250
878,"2_Story","Good",2005,"Y",10,"Minor Deductions",3,2009,350000
879,"2_Story","Average",1995,"Y",6,"Minor Deductions",2,2010,148000
880,"1_Story","Average",2005,"Y",6,"Minor Deductions",1,2009,136500
881,"1_Story","Average",2006,"Y",5,"Minor Deductions",2,2007,157000
882,"1_Story","Average",1991,"Y",7,"Minor Deductions",2,2007,187500
883,"2_Story","Average",1993,"Y",7,"Minor Deductions",2,2009,178000
884,"2_Story","Poor",1950,"N",10,"Minor Deductions",1,2006,118500
885,"1_Story","Average",1967,"Y",5,"Minor Deductions",1,2009,1e+05
886,"PUD","Good",2000,"Y",5,"Minor Deductions",2,2008,328900
887,"Duplex","Average",2005,"Y",8,"Minor Deductions",2,2006,145000
888,"1_Story","Average",1955,"Y",8,"Minor Deductions",1,2008,135500
889,"1_Story","Good",1970,"Y",8,"Minor Deductions",2,2007,268000
890,"1_Story","Average",1953,"Y",6,"Minor Deductions",2,2009,149500
891,"1_Story","Average",2006,"Y",6,"Minor Deductions",2,2007,122900
892,"2_Story","Average",1978,"Y",7,"Minor Deductions",2,2009,172500
893,"1_Story","Average",2003,"Y",6,"Minor Deductions",1,2006,154500
894,"1_Story","Average",1954,"Y",6,"Minor Deductions",1,2008,165000
895,"Duplex","Average",1979,"Y",8,"Minor Deductions",2,2009,118858
896,"2_Story","Average",1963,"Y",8,"Minor Deductions",2,2008,140000
897,"1_Story","Poor",1950,"N",6,"Minor Deductions",1,2006,106500
898,"Duplex","Average",1979,"Y",12,"Minor Deductions",2,2009,142953
899,"1_Story","Good",2010,"Y",11,"Minor Deductions",3,2010,611657
900,"1_Story","Average",1994,"Y",6,"Minor Deductions",1,2006,135000
901,"1_Story","Poor",1971,"Y",4,"Minor Deductions",1,2007,110000
902,"1_Story","Average",2000,"Y",5,"Minor Deductions",1,2009,153000
903,"2_Story","Average",2003,"Y",8,"Minor Deductions",2,2006,180000
904,"1_Story","Average",2006,"Y",7,"Minor Deductions",3,2006,240000
905,"1_Story","Average",1967,"Y",6,"Minor Deductions",1,2007,125500
906,"1_Story","Average",1954,"Y",6,"Minor Deductions",1,2010,128000
907,"1_Story","Good",2006,"Y",8,"Minor Deductions",3,2007,255000
908,"1_Story","Average",1987,"Y",6,"Minor Deductions",1,2006,250000
909,"1_Story","Average",1983,"Y",5,"Minor Deductions",2,2006,131000
910,"2_Story","Average",2005,"Y",8,"Minor Deductions",2,2009,174000
911,"Duplex","Average",1960,"Y",12,"Minor Deductions",2,2010,154300
912,"1_Story","Average",1989,"Y",5,"Minor Deductions",1,2009,143500
913,"1_Story","Average",1950,"N",6,"Minor Deductions",1,2006,88000
914,"Duplex","Average",1950,"N",8,"Minor Deductions",3,2007,145000
915,"PUD","Average",2009,"Y",4,"Minor Deductions",2,2009,173733
916,"PUD","Poor",1970,"Y",6,"Minor Deductions",1,2007,75000
917,"1_Story","Poor",1950,"N",4,"Minor Deductions",1,2006,35311
918,"1_Story","Poor",1956,"Y",6,"Minor Deductions",1,2009,135000
919,"2_Story","Average",1991,"Y",8,"Minor Deductions",3,2007,238000
920,"1_Story","Average",2002,"Y",6,"Minor Deductions",2,2008,176500
921,"2_Story","Average",1994,"Y",7,"Minor Deductions",2,2007,201000
922,"Duplex","Average",2003,"Y",9,"Minor Deductions",0,2008,145900
923,"1_Story","Average",2006,"Y",6,"Minor Deductions",2,2006,169990
924,"PUD","Average",1994,"Y",5,"Minor Deductions",2,2008,193000
925,"1_Story","Average",1980,"Y",7,"Minor Deductions",2,2006,207500
926,"1_Story","Average",1977,"Y",6,"Minor Deductions",2,2008,175000
927,"2_Story","Good",2004,"Y",10,"Minor Deductions",3,2007,285000
928,"2_Story","Average",1968,"Y",9,"Minor Deductions",2,2008,176000
929,"1_Story","Good",2001,"Y",7,"Minor Deductions",2,2009,236500
930,"2_Story","Average",1997,"Y",8,"Minor Deductions",2,2006,222000
931,"1_Story","Good",2007,"Y",7,"Minor Deductions",3,2009,201000
932,"1_Story","Average",1965,"Y",5,"Minor Deductions",1,2009,117500
933,"1_Story","Good",2006,"Y",8,"Minor Deductions",3,2007,320000
934,"1_Story","Average",2004,"Y",6,"Minor Deductions",2,2009,190000
935,"1_Story","Average",2007,"Y",9,"Minor Deductions",2,2008,242000
936,"1_Story","Poor",1953,"Y",5,"Minor Deductions",2,2006,79900
937,"1_Story","Average",2003,"Y",5,"Minor Deductions",2,2009,184900
938,"2_Story","Average",2005,"Y",8,"Minor Deductions",2,2009,253000
939,"2_Story","Average",2006,"Y",7,"Minor Deductions",3,2006,239799
940,"2_Story","Average",1950,"Y",10,"Minor Deductions",1,2010,244400
941,"Duplex","Average",1976,"Y",8,"Minor Deductions",2,2006,150900
942,"2_Story","Average",1999,"Y",8,"Minor Deductions",2,2009,214000
943,"Duplex","Poor",1977,"Y",8,"Minor Deductions",0,2007,150000
944,"Duplex","Average",1967,"Y",8,"Minor Deductions",2,2007,143000
945,"1_Story","Average",1958,"Y",7,"Minor Deductions",2,2009,137500
946,"1_Story","Average",1996,"Y",7,"Minor Deductions",2,2009,124900
947,"2_Story","Average",1959,"Y",6,"Minor Deductions",1,2006,143000
948,"1_Story","Good",2003,"Y",9,"Minor Deductions",3,2007,270000
949,"2_Story","Average",2002,"Y",7,"Minor Deductions",2,2006,192500
950,"1_Story","Average",2006,"Y",5,"Minor Deductions",2,2010,197500
951,"1_Story","Average",2002,"Y",5,"Minor Deductions",2,2007,129000
952,"1_Story","Average",1965,"Y",6,"Minor Deductions",1,2006,119900
953,"2_Story","Average",2003,"Y",5,"Minor Deductions",1,2009,133900
954,"2_Story","Average",1969,"Y",7,"Minor Deductions",2,2008,172000
955,"Duplex","Average",1975,"Y",4,"Minor Deductions",0,2006,127500
956,"Duplex","Average",1950,"N",8,"Minor Deductions",2,2007,145000
957,"PUD","Average",1980,"Y",5,"Minor Deductions",2,2009,124000
958,"1_Story","Average",1962,"Y",6,"Minor Deductions",2,2007,132000
959,"1_Story","Average",2003,"Y",6,"Minor Deductions",2,2007,185000
960,"PUD","Average",1999,"Y",6,"Minor Deductions",2,2010,155000
961,"1_Story","Average",2008,"Y",4,"Minor Deductions",0,2010,116500
962,"2_Story","Average",1995,"Y",11,"Minor Deductions",2,2008,272000
963,"PUD","Average",1976,"Y",7,"Minor Deductions",2,2007,155000
964,"1_Story","Good",2007,"Y",7,"Minor Deductions",2,2009,239000
965,"2_Story","Average",2003,"Y",8,"Minor Deductions",2,2010,214900
966,"2_Story","Average",2007,"Y",8,"Minor Deductions",2,2007,178900
967,"1_Story","Average",1950,"Y",7,"Minor Deductions",1,2009,160000
968,"1_Story","Average",1955,"Y",6,"Minor Deductions",1,2008,135000
969,"1_Story","Poor",1950,"N",6,"Minor Deductions",0,2009,37900
970,"Duplex","Average",1958,"Y",6,"Minor Deductions",1,2006,140000
971,"1_Story","Poor",1950,"N",6,"Minor Deductions",0,2006,135000
972,"PUD","Average",2004,"Y",6,"Minor Deductions",2,2009,173000
973,"PUD","Average",1979,"Y",5,"Minor Deductions",1,2010,99500
974,"1_Story","Average",2008,"Y",6,"Minor Deductions",2,2008,182000
975,"2_Story","Average",1993,"N",8,"Minor Deductions",2,2009,167500
976,"PUD","Average",2000,"Y",6,"Minor Deductions",2,2006,165000
977,"1_Story","Poor",1958,"Y",4,"Minor Deductions",0,2006,85500
978,"PUD","Average",2007,"Y",4,"Minor Deductions",2,2007,199900
979,"1_Story","Poor",1954,"Y",5,"Minor Deductions",2,2007,110000
980,"1_Story","Average",1963,"Y",5,"Minor Deductions",2,2009,139000
981,"2_Story","Average",2007,"Y",6,"Minor Deductions",2,2008,178400
982,"2_Story","Good",1999,"Y",8,"Minor Deductions",3,2009,336000
983,"1_Story","Average",2007,"Y",6,"Minor Deductions",2,2008,159895
984,"2_Story","Good",2002,"Y",9,"Minor Deductions",2,2008,255900
985,"Duplex","Average",1977,"Y",8,"Minor Deductions",2,2009,126000
986,"Duplex","Average",1950,"N",5,"Minor Deductions",1,2008,125000
987,"1_Story","Average",2003,"Y",5,"Minor Deductions",1,2006,117000
988,"1_Story","Good",2010,"Y",8,"Minor Deductions",3,2010,395192
989,"2_Story","Average",1976,"Y",8,"Minor Deductions",2,2007,195000
990,"2_Story","Average",2006,"Y",6,"Minor Deductions",2,2006,197000
991,"2_Story","Good",1998,"Y",7,"Minor Deductions",3,2006,348000
992,"2_Story","Good",1986,"Y",8,"Minor Deductions",2,2009,168000
993,"2_Story","Average",1993,"Y",7,"Minor Deductions",2,2007,187000
994,"2_Story","Average",2006,"Y",6,"Minor Deductions",2,2006,173900
995,"1_Story","Good",2007,"Y",7,"Minor Deductions",3,2009,337500
996,"1_Story","Poor",1950,"Y",5,"Minor Deductions",1,2006,121600
997,"1_Story","Average",1961,"Y",6,"Minor Deductions",1,2006,136500
998,"1_Story","Average",1970,"Y",6,"Minor Deductions",2,2009,185000
999,"1_Story","Poor",1950,"N",6,"Minor Deductions",1,2006,91000
1000,"1_Story","Average",2006,"Y",6,"Minor Deductions",2,2010,206000
1001,"1_Story","Poor",1952,"N",4,"Minor Deductions",2,2009,82000
1002,"1_Story","Average",1950,"Y",4,"Minor Deductions",1,2007,86000
1003,"1_Story","Good",2006,"Y",7,"Minor Deductions",3,2008,232000
1004,"Duplex","Average",1976,"Y",8,"Minor Deductions",2,2007,136905
1005,"PUD","Average",2006,"Y",7,"Minor Deductions",2,2009,181000
1006,"2_Story","Average",1977,"Y",6,"Minor Deductions",1,2008,149900
1007,"1_Story","Average",1970,"Y",7,"Minor Deductions",2,2007,163500
1008,"PUD","Poor",1970,"Y",6,"Minor Deductions",1,2009,88000
1009,"1_Story","Average",2005,"Y",7,"Minor Deductions",2,2009,240000
1010,"1_Story","Average",1950,"Y",7,"Minor Deductions",0,2006,102000
1011,"1_Story","Average",1950,"Y",7,"Minor Deductions",1,2008,135000
1012,"Duplex","Average",1965,"N",8,"Minor Deductions",0,2010,1e+05
1013,"2_Story","Average",1996,"Y",7,"Minor Deductions",1,2007,165000
1014,"1_Story","Average",2006,"N",4,"Major Deductions",1,2009,85000
1015,"1_Story","Average",1950,"Y",5,"Minor Deductions",1,2007,119200
1016,"2_Story","Good",2001,"Y",6,"Minor Deductions",2,2009,227000
1017,"1_Story","Average",1996,"Y",6,"Minor Deductions",2,2009,203000
1018,"PUD","Good",1984,"Y",4,"Minor Deductions",2,2009,187500
1019,"2_Story","Average",1992,"Y",7,"Minor Deductions",2,2007,160000
1020,"PUD","Average",2005,"Y",6,"Minor Deductions",2,2006,213490
1021,"1_Story","Poor",2005,"Y",5,"Minor Deductions",2,2008,176000
1022,"1_Story","Average",2006,"Y",6,"Minor Deductions",2,2006,194000
1023,"1_Story","Average",1950,"Y",6,"Minor Deductions",1,2007,87000
1024,"PUD","Average",2006,"Y",7,"Minor Deductions",2,2008,191000
1025,"1_Story","Good",1976,"Y",10,"Minor Deductions",2,2008,287000
1026,"1_Story","Average",1972,"Y",5,"Minor Deductions",2,2007,112500
1027,"1_Story","Average",1960,"Y",6,"Minor Deductions",2,2010,167500
1028,"1_Story","Good",2008,"Y",7,"Minor Deductions",3,2008,293077
1029,"1_Story","Average",1950,"Y",6,"Minor Deductions",1,2007,105000
1030,"PUD","Average",1972,"Y",7,"Minor Deductions",1,2006,118000
1031,"Duplex","Average",1995,"Y",10,"Minor Deductions",0,2006,160000
1032,"2_Story","Average",1970,"Y",12,"Minor Deductions",2,2009,197000
1033,"2_Story","Good",1993,"Y",10,"Minor Deductions",3,2006,310000
1034,"1_Story","Average",2002,"Y",6,"Minor Deductions",3,2006,230000
1035,"1_Story","Average",1950,"Y",5,"Minor Deductions",1,2007,119750
1036,"1_Story","Poor",1957,"N",5,"Minor Deductions",1,2009,84000
1037,"1_Story","Good",2008,"Y",6,"Minor Deductions",3,2009,315500
1038,"2_Story","Good",2002,"Y",7,"Minor Deductions",2,2008,287000
1039,"PUD","Poor",2008,"Y",6,"Minor Deductions",0,2009,97000
1040,"PUD","Poor",1970,"Y",3,"Minor Deductions",1,2009,80000
1041,"1_Story","Average",2000,"Y",8,"Major Deductions",2,2006,155000
1042,"2_Story","Average",2000,"Y",7,"Minor Deductions",2,2008,173000
1043,"PUD","Average",2005,"Y",5,"Minor Deductions",2,2009,196000
1044,"2_Story","Average",1990,"Y",10,"Minor Deductions",2,2008,262280
1045,"1_Story","Good",1981,"Y",9,"Minor Deductions",2,2009,278000
1046,"1_Story","Poor",1955,"Y",8,"Minor Deductions",2,2009,139600
1047,"2_Story","Good",2006,"Y",11,"Minor Deductions",3,2006,556581
1048,"1_Story","Average",1995,"Y",5,"Minor Deductions",2,2008,145000
1049,"1_Story","Average",2006,"Y",9,"Minor Deductions",2,2009,115000
1050,"1_Story","Poor",2006,"Y",6,"Minor Deductions",1,2010,84900
1051,"1_Story","Average",2007,"Y",6,"Minor Deductions",2,2007,176485
1052,"1_Story","Average",2007,"Y",6,"Minor Deductions",2,2007,200141
1053,"2_Story","Average",1978,"Y",9,"Minor Deductions",2,2007,165000
1054,"1_Story","Average",2002,"Y",7,"Minor Deductions",1,2010,144500
1055,"2_Story","Good",2002,"Y",7,"Minor Deductions",2,2006,255000
1056,"1_Story","Average",1976,"Y",7,"Minor Deductions",2,2008,180000
1057,"PUD","Average",2005,"Y",6,"Minor Deductions",2,2006,185850
1058,"2_Story","Average",1994,"Y",7,"Minor Deductions",2,2009,248000
1059,"2_Story","Good",2008,"Y",10,"Minor Deductions",3,2009,335000
1060,"1_Story","Average",1950,"Y",7,"Minor Deductions",2,2007,220000
1061,"PUD","Good",2001,"Y",6,"Minor Deductions",2,2010,213500
1062,"1_Story","Poor",1950,"Y",6,"Minor Deductions",3,2008,81000
1063,"Duplex","Average",1950,"N",10,"Minor Deductions",2,2007,90000
1064,"1_Story","Average",1980,"Y",5,"Minor Deductions",2,2006,110500
1065,"1_Story","Average",1966,"Y",6,"Minor Deductions",2,2009,154000
1066,"2_Story","Average",1997,"Y",7,"Minor Deductions",2,2010,328000
1067,"2_Story","Average",1994,"Y",7,"Minor Deductions",2,2009,178000
1068,"2_Story","Average",1964,"Y",7,"Minor Deductions",2,2008,167900
1069,"PUD","Average",1973,"Y",10,"Major Deductions",2,2006,151400
1070,"1_Story","Average",2003,"Y",4,"Minor Deductions",2,2007,135000
1071,"1_Story","Average",1956,"Y",6,"Minor Deductions",1,2007,135000
1072,"2_Story","Average",1968,"Y",8,"Minor Deductions",2,2009,154000
1073,"1_Story","Average",1950,"Y",7,"Minor Deductions",1,2006,91500
1074,"2_Story","Average",1977,"Y",6,"Minor Deductions",2,2009,159500
1075,"1_Story","Average",2006,"Y",5,"Minor Deductions",3,2007,194000
1076,"2_Story","Average",1984,"Y",6,"Minor Deductions",1,2007,219500
1077,"1_Story","Average",1989,"Y",7,"Minor Deductions",2,2006,170000
1078,"1_Story","Average",1969,"Y",6,"Minor Deductions",1,2006,138800
1079,"PUD","Average",2004,"Y",3,"Minor Deductions",2,2006,155900
1080,"1_Story","Average",1994,"Y",5,"Minor Deductions",1,2007,126000
1081,"1_Story","Average",2004,"Y",5,"Minor Deductions",2,2008,145000
1082,"1_Story","Average",1963,"Y",5,"Minor Deductions",1,2010,133000
1083,"1_Story","Average",2002,"Y",6,"Minor Deductions",2,2007,192000
1084,"1_Story","Average",1964,"Y",6,"Minor Deductions",1,2006,160000
1085,"2_Story","Average",1996,"Y",6,"Minor Deductions",2,2006,187500
1086,"2_Story","Average",1992,"Y",5,"Minor Deductions",2,2010,147000
1087,"PUD","Poor",1973,"Y",6,"Minor Deductions",1,2010,83500
1088,"2_Story","Good",2006,"Y",9,"Minor Deductions",3,2009,252000
1089,"PUD","Average",2004,"Y",7,"Major Deductions",2,2006,137500
1090,"PUD","Good",2005,"Y",4,"Minor Deductions",2,2006,197000
1091,"Duplex","Poor",1950,"N",6,"Minor Deductions",2,2009,92900
1092,"PUD","Average",2000,"Y",4,"Minor Deductions",2,2008,160000
1093,"1_Story","Average",1950,"Y",7,"Minor Deductions",2,2008,136500
1094,"1_Story","Average",1998,"Y",6,"Minor Deductions",2,2006,146000
1095,"1_Story","Average",2000,"Y",4,"Minor Deductions",1,2010,129000
1096,"1_Story","Average",2006,"Y",6,"Minor Deductions",2,2007,176432
1097,"2_Story","Average",2006,"Y",7,"Minor Deductions",0,2007,127000
1098,"PUD","Good",1986,"Y",5,"Minor Deductions",2,2007,170000
1099,"1_Story","Poor",1950,"Y",6,"Minor Deductions",1,2009,128000
1100,"1_Story","Average",1978,"Y",7,"Minor Deductions",2,2009,157000
1101,"1_Story","Poor",1950,"N",3,"Minor Deductions",1,2009,60000
1102,"1_Story","Average",1971,"Y",5,"Minor Deductions",1,2007,119500
1103,"1_Story","Average",2002,"Y",6,"Minor Deductions",1,2007,135000
1104,"1_Story","Average",1959,"Y",6,"Minor Deductions",2,2006,159500
1105,"PUD","Average",1970,"Y",6,"Minor Deductions",2,2007,106000
1106,"2_Story","Good",1995,"Y",9,"Minor Deductions",2,2010,325000
1107,"1_Story","Average",1991,"Y",6,"Minor Deductions",2,2007,179900
1108,"2_Story","Average",2006,"Y",9,"Minor Deductions",2,2006,274725
1109,"2_Story","Average",2000,"Y",7,"Minor Deductions",2,2007,181000
1110,"1_Story","Good",2005,"Y",7,"Minor Deductions",3,2009,280000
1111,"2_Story","Average",1996,"Y",8,"Minor Deductions",2,2008,188000
1112,"2_Story","Average",1976,"Y",8,"Minor Deductions",2,2008,205000
1113,"1_Story","Average",1957,"Y",5,"Minor Deductions",1,2006,129900
1114,"1_Story","Average",2006,"Y",6,"Minor Deductions",1,2007,134500
1115,"1_Story","Average",2000,"Y",4,"Minor Deductions",1,2006,117000
1116,"1_Story","Good",2007,"Y",7,"Minor Deductions",3,2007,318000
1117,"2_Story","Good",2002,"Y",7,"Minor Deductions",2,2009,184100
1118,"1_Story","Average",2003,"Y",5,"Minor Deductions",2,2008,130000
1119,"2_Story","Average",1987,"Y",6,"Minor Deductions",1,2008,140000
1120,"1_Story","Average",1959,"Y",6,"Minor Deductions",1,2006,133700
1121,"1_Story","Average",1950,"Y",6,"Minor Deductions",1,2007,118400
1122,"1_Story","Average",2006,"Y",7,"Minor Deductions",3,2006,212900
1123,"1_Story","Poor",1956,"Y",5,"Minor Deductions",1,2009,112000
1124,"1_Story","Average",2008,"Y",4,"Minor Deductions",0,2009,118000
1125,"2_Story","Average",1992,"Y",7,"Minor Deductions",2,2007,163900
1126,"1_Story","Poor",1955,"Y",5,"Minor Deductions",2,2009,115000
1127,"PUD","Average",2007,"Y",7,"Minor Deductions",3,2009,174000
1128,"1_Story","Average",2004,"Y",7,"Minor Deductions",3,2007,259000
1129,"2_Story","Average",2005,"Y",8,"Minor Deductions",2,2007,215000
1130,"Duplex","Average",1980,"Y",4,"Minor Deductions",2,2007,140000
1131,"1_Story","Poor",1950,"Y",7,"Minor Deductions",2,2009,135000
1132,"1_Story","Average",1992,"Y",5,"Minor Deductions",0,2007,93500
1133,"2_Story","Average",1950,"Y",8,"Minor Deductions",1,2007,117500
1134,"2_Story","Good",1995,"Y",8,"Minor Deductions",2,2009,239500
1135,"2_Story","Average",1997,"Y",7,"Minor Deductions",2,2007,169000
1136,"1_Story","Average",1950,"N",5,"Minor Deductions",1,2007,102000
1137,"1_Story","Average",1950,"Y",6,"Minor Deductions",1,2008,119000
1138,"1_Story","Average",1996,"N",6,"Minor Deductions",0,2010,94000
1139,"1_Story","Average",1977,"Y",5,"Minor Deductions",2,2009,196000
1140,"1_Story","Average",1950,"Y",6,"Major Deductions",2,2007,144000
1141,"1_Story","Average",1951,"Y",4,"Minor Deductions",2,2008,139000
1142,"2_Story","Average",1976,"Y",9,"Minor Deductions",2,2009,197500
1143,"2_Story","Good",2007,"Y",11,"Minor Deductions",3,2007,424870
1144,"1_Story","Average",1959,"Y",5,"Minor Deductions",0,2008,80000
1145,"Duplex","Poor",1950,"N",5,"Minor Deductions",1,2010,80000
1146,"1_Story","Average",1950,"Y",8,"Minor Deductions",1,2006,149000
1147,"1_Story","Average",1985,"Y",5,"Minor Deductions",2,2006,180000
1148,"2_Story","Average",1950,"Y",7,"Minor Deductions",1,2009,174500
1149,"1_Story","Average",1950,"Y",5,"Minor Deductions",1,2008,116900
1150,"2_Story","Average",1988,"Y",7,"Minor Deductions",2,2009,143000
1151,"1_Story","Average",1950,"Y",4,"Minor Deductions",1,2007,124000
1152,"1_Story","Average",1959,"Y",6,"Minor Deductions",2,2006,149900
1153,"1_Story","Average",2004,"Y",6,"Minor Deductions",2,2006,230000
1154,"1_Story","Average",2007,"Y",5,"Minor Deductions",1,2008,120500
1155,"2_Story","Average",1988,"Y",8,"Minor Deductions",2,2008,201800
1156,"1_Story","Average",2004,"Y",6,"Minor Deductions",2,2007,218000
1157,"2_Story","Average",1999,"Y",6,"Minor Deductions",2,2008,179900
1158,"PUD","Average",2008,"Y",6,"Minor Deductions",2,2009,230000
1159,"1_Story","Good",2008,"Y",7,"Minor Deductions",3,2008,235128
1160,"2_Story","Average",1974,"Y",8,"Minor Deductions",2,2008,185000
1161,"PUD","Average",1978,"Y",7,"Minor Deductions",2,2010,146000
1162,"1_Story","Average",2006,"Y",7,"Minor Deductions",2,2008,224000
1163,"1_Story","Average",1968,"Y",5,"Minor Deductions",2,2007,129000
1164,"Duplex","Poor",1969,"Y",6,"Minor Deductions",2,2008,108959
1165,"2_Story","Average",1978,"Y",5,"Minor Deductions",2,2007,194000
1166,"1_Story","Average",2009,"Y",7,"Minor Deductions",2,2009,233170
1167,"1_Story","Good",2008,"Y",7,"Minor Deductions",3,2010,245350
1168,"2_Story","Average",2000,"Y",7,"Minor Deductions",2,2006,173000
1169,"2_Story","Average",1986,"Y",7,"Minor Deductions",2,2008,235000
1170,"2_Story","Good",1996,"Y",10,"Minor Deductions",3,2006,625000
1171,"2_Story","Average",1977,"Y",6,"Minor Deductions",1,2008,171000
1172,"1_Story","Average",1958,"Y",6,"Minor Deductions",2,2008,163000
1173,"PUD","Average",2007,"Y",5,"Minor Deductions",2,2008,171900
1174,"1_Story","Average",1994,"Y",12,"Major Deductions",0,2007,200500
1175,"2_Story","Average",1950,"Y",9,"Minor Deductions",2,2006,239000
1176,"1_Story","Good",2000,"Y",9,"Minor Deductions",2,2007,285000
1177,"1_Story","Average",1985,"Y",5,"Minor Deductions",1,2008,119500
1178,"1_Story","Average",2004,"Y",5,"Minor Deductions",1,2009,115000
1179,"1_Story","Average",1950,"Y",7,"Minor Deductions",1,2009,154900
1180,"1_Story","Average",1954,"Y",5,"Minor Deductions",0,2006,93000
1181,"2_Story","Average",1991,"Y",8,"Minor Deductions",2,2006,250000
1182,"PUD","Good",2008,"Y",5,"Minor Deductions",2,2008,392500
1183,"2_Story","Good",1996,"Y",10,"Minor Deductions",3,2007,745000
1184,"1_Story","Average",1950,"Y",5,"Minor Deductions",2,2006,120000
1185,"1_Story","Average",1963,"Y",5,"Minor Deductions",3,2007,186700
1186,"1_Story","Average",1950,"Y",7,"Minor Deductions",1,2006,104900
1187,"Duplex","Poor",1970,"Y",7,"Minor Deductions",2,2009,95000
1188,"1_Story","Good",1995,"Y",5,"Minor Deductions",3,2006,262000
1189,"2_Story","Average",2002,"Y",7,"Minor Deductions",2,2009,195000
1190,"2_Story","Average",1999,"Y",7,"Minor Deductions",2,2010,189000
1191,"Duplex","Poor",1975,"Y",7,"Minor Deductions",4,2007,168000
1192,"PUD","Good",2000,"Y",5,"Minor Deductions",2,2007,174000
1193,"1_Story","Average",1994,"Y",6,"Minor Deductions",1,2007,125000
1194,"PUD","Average",1999,"Y",5,"Minor Deductions",2,2009,165000
1195,"2_Story","Average",1969,"Y",7,"Minor Deductions",1,2010,158000
1196,"2_Story","Average",2005,"Y",8,"Minor Deductions",2,2008,176000
1197,"2_Story","Average",2006,"Y",9,"Minor Deductions",3,2006,219210
1198,"2_Story","Average",1950,"Y",7,"Minor Deductions",1,2006,144000
1199,"1_Story","Average",2001,"Y",6,"Minor Deductions",2,2009,178000
1200,"1_Story","Poor",1979,"Y",6,"Minor Deductions",2,2006,148000
1201,"1_Story","Poor",1970,"Y",5,"Minor Deductions",1,2006,116050
1202,"2_Story","Average",1998,"Y",6,"Minor Deductions",2,2009,197900
1203,"1_Story","Average",1997,"Y",5,"Minor Deductions",1,2009,117000
1204,"1_Story","Average",2001,"Y",6,"Minor Deductions",2,2009,213000
1205,"1_Story","Average",1975,"Y",6,"Minor Deductions",2,2006,153500
1206,"1_Story","Average",1991,"Y",7,"Minor Deductions",3,2009,271900
1207,"1_Story","Poor",1966,"Y",5,"Minor Deductions",1,2006,107000
1208,"1_Story","Average",2003,"Y",7,"Minor Deductions",2,2006,2e+05
1209,"1_Story","Average",1980,"Y",6,"Minor Deductions",2,2008,140000
1210,"1_Story","Good",2006,"Y",8,"Minor Deductions",2,2006,290000
1211,"2_Story","Average",1992,"Y",8,"Minor Deductions",2,2010,189000
1212,"1_Story","Good",2005,"Y",8,"Minor Deductions",2,2010,164000
1213,"1_Story","Poor",1950,"Y",4,"Minor Deductions",1,2009,113000
1214,"2_Story","Poor",2001,"Y",3,"Minor Deductions",1,2006,145000
1215,"2_Story","Average",1962,"Y",6,"Minor Deductions",1,2006,134500
1216,"1_Story","Average",1966,"Y",5,"Minor Deductions",1,2007,125000
1217,"Duplex","Average",1978,"Y",8,"Minor Deductions",2,2010,112000
1218,"1_Story","Good",2009,"Y",6,"Minor Deductions",2,2009,229456
1219,"1_Story","Poor",1950,"N",3,"Minor Deductions",0,2006,80500
1220,"PUD","Average",1971,"Y",7,"Minor Deductions",0,2006,91500
1221,"1_Story","Average",1964,"Y",5,"Minor Deductions",1,2006,115000
1222,"1_Story","Average",1968,"Y",5,"Minor Deductions",1,2008,134000
1223,"1_Story","Average",1950,"Y",7,"Minor Deductions",1,2007,143000
1224,"1_Story","Average",1951,"N",7,"Moderate Deductions",2,2006,137900
1225,"2_Story","Average",2005,"Y",8,"Minor Deductions",2,2008,184000
1226,"2_Story","Average",1958,"Y",6,"Minor Deductions",1,2007,145000
1227,"2_Story","Average",2007,"Y",9,"Minor Deductions",3,2008,214000
1228,"1_Story","Average",2008,"Y",5,"Minor Deductions",2,2008,147000
1229,"PUD","Good",2008,"Y",7,"Minor Deductions",3,2008,367294
1230,"2_Story","Average",1960,"Y",7,"Major Deductions",1,2008,127000
1231,"Duplex","Average",1977,"Y",12,"Minor Deductions",2,2007,190000
1232,"Duplex","Average",1962,"Y",6,"Minor Deductions",2,2006,132500
1233,"Duplex","Poor",1962,"Y",6,"Minor Deductions",2,2007,101800
1234,"1_Story","Average",1959,"Y",6,"Minor Deductions",2,2010,142000
1235,"2_Story","Average",1950,"N",7,"Minor Deductions",0,2008,130000
1236,"2_Story","Average",1950,"Y",9,"Minor Deductions",1,2006,138887
1237,"PUD","Average",2003,"Y",6,"Minor Deductions",2,2010,175500
1238,"2_Story","Average",2005,"Y",8,"Minor Deductions",2,2006,195000
1239,"1_Story","Average",2005,"Y",6,"Minor Deductions",2,2006,142500
1240,"1_Story","Good",2006,"Y",6,"Minor Deductions",2,2007,265900
1241,"2_Story","Average",2003,"Y",8,"Minor Deductions",2,2008,224900
1242,"1_Story","Average",2007,"Y",7,"Minor Deductions",3,2007,248328
1243,"2_Story","Average",1974,"Y",6,"Minor Deductions",2,2010,170000
1244,"1_Story","Good",2006,"Y",7,"Minor Deductions",3,2006,465000
1245,"2_Story","Good",1950,"Y",7,"Minor Deductions",2,2006,230000
1246,"2_Story","Average",2003,"Y",7,"Minor Deductions",2,2007,178000
1247,"2_Story","Average",2006,"Y",6,"Minor Deductions",2,2006,186500
1248,"2_Story","Average",1976,"Y",6,"Minor Deductions",3,2010,169900
1249,"2_Story","Average",1950,"N",8,"Minor Deductions",2,2008,129500
1250,"1_Story","Average",1950,"Y",6,"Minor Deductions",1,2007,119000
1251,"1_Story","Average",1968,"Y",8,"Minor Deductions",2,2010,244000
1252,"PUD","Average",2003,"Y",6,"Minor Deductions",2,2006,171750
1253,"1_Story","Average",1968,"Y",5,"Minor Deductions",1,2009,130000
1254,"2_Story","Average",2003,"Y",9,"Minor Deductions",2,2007,294000
1255,"2_Story","Average",2004,"Y",7,"Minor Deductions",2,2008,165400
1256,"1_Story","Average",1950,"Y",6,"Minor Deductions",1,2007,127500
1257,"1_Story","Good",1994,"Y",7,"Minor Deductions",2,2008,301500
1258,"1_Story","Average",1950,"Y",4,"Minor Deductions",0,2009,99900
1259,"2_Story","Average",2005,"Y",5,"Minor Deductions",2,2008,190000
1260,"1_Story","Average",1969,"Y",6,"Minor Deductions",2,2008,151000
1261,"2_Story","Average",1999,"Y",7,"Minor Deductions",2,2009,181000
1262,"1_Story","Average",1956,"Y",5,"Minor Deductions",1,2009,128900
1263,"1_Story","Poor",1989,"Y",8,"Minor Deductions",1,2009,161500
1264,"2_Story","Average",1950,"Y",8,"Minor Deductions",2,2007,180500
1265,"PUD","Average",1999,"Y",5,"Minor Deductions",2,2008,181000
1266,"PUD","Average",1999,"Y",6,"Minor Deductions",2,2006,183900
1267,"Duplex","Average",1950,"N",9,"Minor Deductions",1,2007,122000
1268,"1_Story","Good",2009,"Y",10,"Minor Deductions",3,2010,378500
1269,"1_Story","Good",1997,"Y",11,"Minor Deductions",3,2008,381000
1270,"1_Story","Average",1958,"Y",7,"Minor Deductions",1,2007,144000
1271,"1_Story","Average",1979,"Y",4,"Minor Deductions",2,2010,260000
1272,"1_Story","Average",1968,"Y",7,"Minor Deductions",2,2009,185750
1273,"1_Story","Average",1965,"Y",5,"Minor Deductions",1,2006,137000
1274,"2_Story","Average",2006,"Y",5,"Minor Deductions",1,2008,177000
1275,"1_Story","Average",2003,"Y",8,"Minor Deductions",2,2007,139000
1276,"Duplex","Average",1950,"Y",10,"Minor Deductions",2,2007,137000
1277,"2_Story","Average",1972,"Y",6,"Minor Deductions",2,2009,162000
1278,"2_Story","Average",1976,"Y",7,"Minor Deductions",2,2009,197900
1279,"2_Story","Good",2002,"Y",7,"Minor Deductions",2,2008,237000
1280,"1_Story","Poor",1950,"Y",6,"Minor Deductions",2,2010,68400
1281,"1_Story","Average",2002,"Y",6,"Minor Deductions",2,2009,227000
1282,"1_Story","Average",1990,"Y",6,"Minor Deductions",2,2006,180000
1283,"1_Story","Average",2008,"Y",5,"Minor Deductions",2,2009,150500
1284,"Duplex","Average",1971,"Y",8,"Minor Deductions",0,2010,139000
1285,"1_Story","Average",1990,"Y",10,"Minor Deductions",1,2010,169000
1286,"1_Story","Average",1950,"Y",6,"Minor Deductions",1,2009,132500
1287,"1_Story","Average",1963,"Y",6,"Minor Deductions",2,2010,143000
1288,"1_Story","Average",1964,"Y",7,"Minor Deductions",2,2006,190000
1289,"PUD","Good",2000,"Y",5,"Minor Deductions",2,2009,278000
1290,"2_Story","Good",2006,"Y",8,"Minor Deductions",3,2006,281000
1291,"2_Story","Average",1964,"Y",6,"Minor Deductions",2,2010,180500
1292,"PUD","Average",1972,"Y",6,"Minor Deductions",1,2009,119500
1293,"2_Story","Average",1965,"N",11,"Minor Deductions",1,2009,107500
1294,"2_Story","Average",1976,"Y",8,"Minor Deductions",2,2006,162900
1295,"1_Story","Average",1990,"Y",5,"Minor Deductions",2,2006,115000
1296,"1_Story","Average",1968,"Y",5,"Minor Deductions",1,2006,138500
1297,"1_Story","Average",1963,"Y",6,"Minor Deductions",2,2008,155000
1298,"PUD","Average",2006,"Y",5,"Minor Deductions",2,2006,140000
1299,"2_Story","Good",2008,"Y",12,"Minor Deductions",2,2008,160000
1300,"1_Story","Average",1994,"Y",6,"Minor Deductions",1,2010,154000
1301,"2_Story","Average",1999,"Y",9,"Minor Deductions",2,2009,225000
1302,"2_Story","Average",1950,"Y",7,"Minor Deductions",1,2009,177500
1303,"2_Story","Good",1994,"Y",8,"Minor Deductions",3,2006,290000
1304,"1_Story","Average",2005,"Y",7,"Minor Deductions",3,2006,232000
1305,"PUD","Average",2004,"Y",7,"Major Deductions",2,2006,130000
1306,"1_Story","Good",2007,"Y",6,"Minor Deductions",2,2009,325000
1307,"PUD","Average",2006,"Y",6,"Minor Deductions",2,2006,202500
1308,"1_Story","Average",1995,"Y",5,"Minor Deductions",2,2009,138000
1309,"1_Story","Average",2005,"Y",6,"Minor Deductions",2,2008,147000
1310,"1_Story","Average",1991,"Y",6,"Minor Deductions",2,2008,179200
1311,"1_Story","Average",2002,"Y",7,"Minor Deductions",2,2010,335000
1312,"1_Story","Average",2007,"Y",6,"Minor Deductions",2,2007,203000
1313,"2_Story","Good",1990,"Y",9,"Minor Deductions",2,2007,302000
1314,"2_Story","Good",1999,"Y",10,"Minor Deductions",3,2010,333168
1315,"1_Story","Poor",1954,"Y",5,"Minor Deductions",1,2007,119000
1316,"2_Story","Average",1969,"Y",9,"Minor Deductions",2,2008,206900
1317,"1_Story","Good",2008,"Y",8,"Minor Deductions",3,2009,295493
1318,"PUD","Average",2007,"Y",5,"Minor Deductions",2,2007,208900
1319,"1_Story","Good",2002,"Y",7,"Minor Deductions",3,2006,275000
1320,"1_Story","Poor",1954,"Y",5,"Minor Deductions",1,2007,111000
1321,"1_Story","Average",1957,"Y",6,"Minor Deductions",2,2009,156500
1322,"1_Story","Poor",1950,"N",4,"Minor Deductions",1,2008,72500
1323,"2_Story","Average",1992,"Y",8,"Minor Deductions",2,2010,190000
1324,"1_Story","Poor",1950,"Y",5,"Minor Deductions",0,2009,82500
1325,"1_Story","Good",2007,"Y",7,"Minor Deductions",3,2007,147000
1326,"1_Story","Poor",1950,"N",5,"Minor Deductions",0,2008,55000
1327,"1_Story","Poor",2006,"Y",6,"Minor Deductions",0,2007,79000
1328,"1_Story","Average",2008,"Y",5,"Minor Deductions",1,2008,130500
1329,"1_Story","Average",1950,"Y",8,"Moderate Deductions",2,2008,256000
1330,"2_Story","Average",1998,"Y",8,"Minor Deductions",2,2006,176500
1331,"1_Story","Good",2006,"Y",7,"Minor Deductions",3,2007,227000
1332,"2_Story","Average",1976,"Y",6,"Minor Deductions",2,2006,132500
1333,"1_Story","Poor",1958,"Y",3,"Minor Deductions",1,2009,1e+05
1334,"1_Story","Average",1995,"Y",6,"Minor Deductions",1,2006,125500
1335,"PUD","Average",1970,"Y",7,"Minor Deductions",2,2009,125000
1336,"1_Story","Average",1977,"Y",6,"Minor Deductions",2,2009,167900
1337,"Duplex","Average",1973,"Y",8,"Minor Deductions",2,2008,135000
1338,"1_Story","Poor",1950,"N",4,"Minor Deductions",0,2006,52500
1339,"2_Story","Average",2002,"Y",8,"Minor Deductions",2,2006,2e+05
1340,"1_Story","Average",1972,"Y",5,"Minor Deductions",1,2006,128500
1341,"1_Story","Poor",1971,"Y",5,"Minor Deductions",4,2007,123000
1342,"1_Story","Average",2004,"Y",6,"Minor Deductions",2,2008,155000
1343,"2_Story","Good",2002,"Y",7,"Minor Deductions",2,2007,228500
1344,"1_Story","Average",1950,"Y",9,"Minor Deductions",2,2009,177000
1345,"2_Story","Average",2006,"Y",8,"Minor Deductions",2,2007,155835
1346,"1_Story","Poor",1950,"Y",5,"Minor Deductions",1,2007,108500
1347,"1_Story","Average",2003,"Y",9,"Minor Deductions",2,2006,262500
1348,"1_Story","Good",2007,"Y",7,"Minor Deductions",3,2007,283463
1349,"1_Story","Average",1998,"Y",5,"Minor Deductions",2,2007,215000
1350,"2_Story","Good",1987,"N",8,"Minor Deductions",0,2008,122000
1351,"Duplex","Average",1969,"Y",12,"Minor Deductions",4,2009,2e+05
1352,"2_Story","Average",1962,"Y",8,"Minor Deductions",2,2008,171000
1353,"1_Story","Average",2000,"Y",4,"Minor Deductions",2,2009,134900
1354,"1_Story","Good",1996,"Y",9,"Minor Deductions",3,2010,410000
1355,"2_Story","Average",2000,"Y",7,"Minor Deductions",3,2008,235000
1356,"2_Story","Average",1992,"Y",8,"Minor Deductions",2,2006,170000
1357,"1_Story","Average",1966,"Y",5,"Minor Deductions",1,2008,110000
1358,"1_Story","Average",2008,"Y",6,"Minor Deductions",2,2010,149900
1359,"PUD","Average",2000,"Y",5,"Minor Deductions",2,2010,177500
1360,"1_Story","Good",2005,"Y",8,"Minor Deductions",3,2006,315000
1361,"2_Story","Average",1998,"Y",8,"Minor Deductions",2,2008,189000
1362,"1_Story","Average",2005,"Y",7,"Minor Deductions",2,2009,260000
1363,"1_Story","Poor",2007,"Y",7,"Minor Deductions",1,2009,104900
1364,"2_Story","Average",2007,"Y",6,"Minor Deductions",2,2007,156932
1365,"PUD","Average",2005,"Y",4,"Minor Deductions",2,2006,144152
1366,"2_Story","Average",2000,"Y",7,"Minor Deductions",2,2010,216000
1367,"2_Story","Average",1999,"Y",7,"Minor Deductions",2,2008,193000
1368,"PUD","Average",1977,"Y",6,"Minor Deductions",1,2006,127000
1369,"PUD","Average",2004,"Y",4,"Minor Deductions",2,2009,144000
1370,"1_Story","Good",2003,"Y",8,"Minor Deductions",2,2010,232000
1371,"1_Story","Poor",1950,"Y",6,"Minor Deductions",1,2009,105000
1372,"2_Story","Average",1996,"Y",8,"Minor Deductions",1,2008,165500
1373,"2_Story","Average",1998,"Y",8,"Minor Deductions",2,2006,274300
1374,"1_Story","Good",2002,"Y",8,"Minor Deductions",3,2007,466500
1375,"2_Story","Average",2005,"Y",9,"Minor Deductions",3,2008,250000
1376,"1_Story","Good",2007,"Y",7,"Minor Deductions",3,2007,239000
1377,"1_Story","Average",1950,"N",4,"Minor Deductions",1,2008,91000
1378,"1_Story","Average",1960,"Y",6,"Minor Deductions",2,2009,117000
1379,"PUD","Average",1973,"Y",5,"Minor Deductions",1,2006,83000
1380,"2_Story","Average",2007,"Y",7,"Minor Deductions",2,2008,167500
1381,"1_Story","Poor",1950,"N",5,"Minor Deductions",1,2010,58500
1382,"1_Story","Average",1970,"Y",7,"Minor Deductions",2,2008,237500
1383,"2_Story","Average",1950,"Y",8,"Minor Deductions",2,2006,157000
1384,"1_Story","Average",2007,"Y",7,"Minor Deductions",2,2007,112000
1385,"1_Story","Average",1950,"Y",6,"Minor Deductions",1,2009,105000
1386,"1_Story","Poor",2007,"Y",7,"Minor Deductions",1,2010,125500
1387,"2_Story","Average",1978,"Y",12,"Minor Deductions",2,2006,250000
1388,"1_Story","Average",1950,"N",10,"Minor Deductions",1,2007,136000
1389,"1_Story","Good",2007,"Y",7,"Minor Deductions",3,2009,377500
1390,"1_Story","Average",1950,"Y",6,"Minor Deductions",2,2007,131000
1391,"1_Story","Average",2000,"Y",6,"Minor Deductions",2,2006,235000
1392,"Duplex","Average",1967,"Y",8,"Moderate Deductions",3,2009,124000
1393,"2_Story","Average",1967,"Y",6,"Minor Deductions",1,2006,123000
1394,"Duplex","Average",2000,"N",7,"Minor Deductions",2,2008,163000
1395,"PUD","Average",2006,"Y",6,"Minor Deductions",3,2006,246578
1396,"2_Story","Good",2006,"Y",9,"Minor Deductions",3,2007,281213
1397,"1_Story","Average",1950,"Y",7,"Minor Deductions",2,2010,160000
1398,"2_Story","Average",2004,"Y",8,"Minor Deductions",1,2007,137500
1399,"1_Story","Average",1982,"Y",7,"Minor Deductions",1,2009,138000
1400,"1_Story","Average",1990,"Y",7,"Minor Deductions",1,2009,137450
1401,"1_Story","Average",1950,"Y",5,"Minor Deductions",1,2008,120000
1402,"2_Story","Average",2004,"Y",8,"Minor Deductions",2,2008,193000
1403,"1_Story","Average",2006,"Y",6,"Minor Deductions",2,2006,193879
1404,"1_Story","Good",2007,"Y",6,"Minor Deductions",3,2007,282922
1405,"1_Story","Poor",1950,"Y",6,"Minor Deductions",3,2006,105000
1406,"PUD","Good",2005,"Y",5,"Minor Deductions",2,2008,275000
1407,"2_Story","Average",2007,"Y",5,"Minor Deductions",2,2009,133000
1408,"1_Story","Average",1985,"Y",5,"Minor Deductions",0,2009,112000
1409,"2_Story","Poor",1950,"Y",6,"Minor Deductions",2,2010,125500
1410,"2_Story","Average",1991,"Y",7,"Minor Deductions",2,2008,215000
1411,"2_Story","Average",2001,"Y",6,"Minor Deductions",2,2009,230000
1412,"1_Story","Average",2005,"Y",6,"Minor Deductions",1,2009,140000
1413,"Duplex","Poor",1950,"N",6,"Minor Deductions",2,2009,90000
1414,"1_Story","Good",2006,"Y",7,"Minor Deductions",2,2009,257000
1415,"1_Story","Average",2000,"Y",8,"Minor Deductions",2,2008,207000
1416,"PUD","Average",2007,"Y",7,"Minor Deductions",3,2009,175900
1417,"Duplex","Poor",1950,"Y",11,"Minor Deductions",2,2010,122500
1418,"2_Story","Good",1998,"Y",7,"Minor Deductions",3,2009,340000
1419,"1_Story","Average",1963,"Y",6,"Minor Deductions",1,2008,124000
1420,"1_Story","Average",1969,"Y",7,"Minor Deductions",2,2006,223000
1421,"2_Story","Average",1968,"Y",7,"Minor Deductions",2,2006,179900
1422,"PUD","Average",1977,"Y",4,"Minor Deductions",2,2010,127500
1423,"PUD","Average",2003,"Y",3,"Minor Deductions",2,2008,136500
1424,"2_Story","Average",1966,"Y",8,"Minor Deductions",2,2006,274970
1425,"1_Story","Average",1983,"Y",6,"Minor Deductions",1,2007,144000
1426,"1_Story","Average",1959,"Y",7,"Minor Deductions",2,2008,142000
1427,"2_Story","Average",1994,"Y",5,"Minor Deductions",2,2008,271000
1428,"1_Story","Average",1950,"Y",6,"Minor Deductions",1,2008,140000
1429,"1_Story","Average",1992,"Y",4,"Minor Deductions",1,2010,119000
1430,"1_Story","Average",1981,"Y",7,"Minor Deductions",2,2007,182900
1431,"2_Story","Average",2005,"Y",7,"Minor Deductions",2,2006,192140
1432,"PUD","Average",1976,"Y",5,"Minor Deductions",2,2009,143750
1433,"1_Story","Poor",2007,"Y",5,"Minor Deductions",1,2007,64500
1434,"2_Story","Average",2000,"Y",8,"Minor Deductions",2,2008,186500
1435,"1_Story","Average",1977,"Y",5,"Minor Deductions",2,2006,160000
1436,"1_Story","Average",2005,"Y",7,"Minor Deductions",2,2008,174000
1437,"1_Story","Poor",1971,"Y",5,"Minor Deductions",2,2007,120500
1438,"1_Story","Good",2008,"Y",7,"Minor Deductions",3,2008,394617
1439,"1_Story","Average",1996,"Y",6,"Minor Deductions",2,2010,149700
1440,"2_Story","Average",1979,"Y",6,"Minor Deductions",2,2007,197000
1441,"2_Story","Average",1994,"Y",11,"Minor Deductions",2,2008,191000
1442,"PUD","Average",2004,"Y",3,"Minor Deductions",2,2008,149300
1443,"2_Story","Good",2008,"Y",10,"Minor Deductions",3,2009,310000
1444,"1_Story","Average",1950,"N",4,"Minor Deductions",1,2009,121000
1445,"1_Story","Average",2004,"Y",7,"Minor Deductions",2,2007,179600
1446,"2_Story","Average",1966,"Y",6,"Minor Deductions",1,2007,129000
1447,"1_Story","Average",1962,"Y",6,"Minor Deductions",1,2010,157900
1448,"2_Story","Good",1996,"Y",8,"Minor Deductions",2,2007,240000
1449,"1_Story","Poor",2000,"N",6,"Minor Deductions",1,2007,112000
1450,"PUD","Average",1970,"Y",3,"Minor Deductions",0,2006,92000
1451,"Duplex","Average",1974,"Y",8,"Minor Deductions",0,2009,136000
1452,"1_Story","Good",2009,"Y",7,"Minor Deductions",3,2009,287090
1453,"PUD","Average",2005,"Y",5,"Minor Deductions",2,2006,145000
1454,"1_Story","Average",2006,"Y",6,"Minor Deductions",0,2006,84500
1455,"1_Story","Average",2005,"Y",6,"Minor Deductions",2,2009,185000
1456,"2_Story","Average",2000,"Y",7,"Minor Deductions",2,2007,175000
1457,"1_Story","Average",1988,"Y",7,"Minor Deductions",2,2010,210000
1458,"2_Story","Average",2006,"Y",9,"Minor Deductions",1,2010,266500
1459,"1_Story","Average",1996,"Y",5,"Minor Deductions",1,2010,142125
1460,"1_Story","Average",1965,"Y",6,"Minor Deductions",1,2008,147500
